pisteet,kanava,url,maa,maan_varmuus,kieli,tilaajat,katselut_per_video,katselu_ikkuna,katselut_per_tilaaja,videoita_per_kk,pv_edellisesta,tiktok,yhteystieto,puhuu_laitteistosta,nuori_yleiso,jo_kumppani,loytyi,perustelu
120,Anko,https://www.youtube.com/channel/UCDIWlc8YeiIeyWwNc0mqjAA,NL,varma,nl,155000,47414,30d,0.31,10,0,,Ankozakelijk@Gmail.com,kyllä,,,maalista,"katselut 31 % tilaajista; puhuu laitteistosta; niche vaatii koneen; kokoluokka osuu; vain yhden maan listalla; julkaisee aktiivisesti; yhteystieto kuvauksessa"
120,MeneerKB,https://www.youtube.com/channel/UCFWJlwyPWgvs73vLcWr7Z4w,NL,varma,nl,125000,24325,30d,0.19,7.5,1,@meneerkb,,,,,maalista,"katselut 19 % tilaajista; myös TikTokissa; niche vaatii koneen; kokoluokka osuu; vain yhden maan listalla; julkaisee aktiivisesti"
117,Litsu Roblox,https://www.youtube.com/channel/UC8BxpZRLbK7gbi8QOkXH-vw,FR,varma,fr,233000,59361,30d,0.25,10,0,@litsu9,litsu@blockmedia.fr,,,,maalista,"katselut 25 % tilaajista; myös TikTokissa; kokoluokka osuu; vain yhden maan listalla; julkaisee aktiivisesti; yhteystieto kuvauksessa"
112,Alfap2w,https://www.youtube.com/channel/UCxhi97xevzH_AZXME8b0zYA,HU,varma,hu,63200,18834,30d,0.3,10,0,@alfap2w,,,,,maalista,"katselut 30 % tilaajista; myös TikTokissa; kokoluokka osuu; vain yhden maan listalla; julkaisee aktiivisesti"
110,Edvisss,https://www.youtube.com/channel/UCgG6-eQtPhAdr3GxYEN0HJw,LT,varma,lt,199000,41584,30d,0.21,10,0,@edvisss_official,,,,,maalista,"katselut 21 % tilaajista; myös TikTokissa; kokoluokka osuu; vain yhden maan listalla; julkaisee aktiivisesti"
105,Froggy,https://www.youtube.com/channel/UCMTQjhp_MMNH3lgOfIex7DQ,FR,varma,fr,64000,17558,30d,0.27,10,0,,,kyllä,,,maalista,"katselut 27 % tilaajista; puhuu laitteistosta; kokoluokka osuu; vain yhden maan listalla; julkaisee aktiivisesti"
100,Lewa,https://www.youtube.com/channel/UCGCPPzqP3ExUYo1sIAg7bzw,FI,varma,fi,130000,22668,30d,0.17,6.1,1,,Lewabusiness@gmail.com,,,,maalista,"katselut 17 % tilaajista; niche vaatii koneen; kokoluokka osuu; vain yhden maan listalla; julkaisee aktiivisesti; yhteystieto kuvauksessa"
100,EskoLivePlus,https://www.youtube.com/channel/UCA5f-e7d_4gIJ9d5164cQrg,FI,varma,fi,22800,30476,30d,1.34,5.6,0,,eskolivee@gmail.com,,,,maalista,"katselut 134 % tilaajista; niche vaatii koneen; kokoluokka osuu; vain yhden maan listalla; julkaisee aktiivisesti; yhteystieto kuvauksessa"
100,Perik,https://www.youtube.com/channel/UCUnoH_DQD5wLCEjcwkBL_eQ,SE,varma,sv,185000,47235,30d,0.26,10,0,,perik.info@gmail.com,,,,maalista,"katselut 26 % tilaajista; niche vaatii koneen; kokoluokka osuu; vain yhden maan listalla; julkaisee aktiivisesti; yhteystieto kuvauksessa"
100,Rohaze,https://www.youtube.com/channel/UC-0VS3EMstuxc6q54jsAhNw,DE,varma,de,147000,154738,30d,1.05,10,0,,business@rohat.gg,,,,maalista,"katselut 105 % tilaajista; niche vaatii koneen; kokoluokka osuu; vain yhden maan listalla; julkaisee aktiivisesti; yhteystieto kuvauksessa"
100,LiveLuc,https://www.youtube.com/channel/UCzo4e7BwBW-RA-XpNqjGCnQ,DE,varma,de,33100,41529,30d,1.25,10,0,,Business@liveluc.com,,,,maalista,"katselut 125 % tilaajista; niche vaatii koneen; kokoluokka osuu; vain yhden maan listalla; julkaisee aktiivisesti; yhteystieto kuvauksessa"
100,MrSpyplant,https://www.youtube.com/channel/UCeXEgZ0T2Yr7FXa_blfbdtw,DK,varma,da,155000,64970,30d,0.42,4.7,0,,mail@mrspyplant.dk,,kyllä,,maalista,"katselut 42 % tilaajista; niche vaatii koneen; kokoluokka osuu; vain yhden maan listalla; julkaisee aktiivisesti; yhteystieto kuvauksessa; viitteitä nuoresta yleisöstä"
100,Tohtori,https://www.youtube.com/channel/UCUJFUporcO-zSdob6UFJalQ,FI,varma,fi,13500,20733,30d,1.54,3.4,2,,tohtoriapteekki@gmail.com,,,,kommentoija,"katselut 154 % tilaajista; niche vaatii koneen; kokoluokka osuu; löytyi kommentoijana (Kakkuh); julkaisee aktiivisesti; yhteystieto kuvauksessa"
100,Lopszi,https://www.youtube.com/channel/UCqZrphZllwv_EGVqUk62CFQ,HU,varma,hu,543,383,30d,0.71,10,0,,,kyllä,,,kommentoija,"katselut 71 % tilaajista; puhuu laitteistosta; niche vaatii koneen; alle heidän haarukkansa; löytyi kommentoijana (Alfap2w); julkaisee aktiivisesti"
100,YTB Null,https://www.youtube.com/channel/UCrpeR-wKh7c1CABJfsp8ovA,HU,varma,hu,9250,5097,30d,0.55,3.9,1,,media.nullocska@gmail.com,,,,kommentoija,"katselut 55 % tilaajista; niche vaatii koneen; kokoluokka osuu; löytyi kommentoijana (Alfap2w); julkaisee aktiivisesti; yhteystieto kuvauksessa"
98,Noel Gaming,https://www.youtube.com/channel/UCY8NoVN4Bq0IdZCSD8fGdCg,HU,varma,hu,238000,64778,30d,0.27,10,0,,hartyanyinoel9@gmail.com,,,,maalista,"katselut 27 % tilaajista; niche vaatii koneen; kokoluokka osuu; vain yhden maan listalla; julkaisee aktiivisesti; yhteystieto kuvauksessa"
98,Banter,https://www.youtube.com/channel/UCnb5EKaxELTwto88N5Hp8aA,HU,varma,hu,80200,40853,30d,0.51,10,0,,banterazigazi@gmail.com,,,,maalista,"katselut 51 % tilaajista; niche vaatii koneen; kokoluokka osuu; vain yhden maan listalla; julkaisee aktiivisesti; yhteystieto kuvauksessa"
98,Dzik,https://www.youtube.com/channel/UCBfnyJmQHpwG5o4tZErAV6Q,PL,varma,pl,215000,48433,30d,0.23,8.8,1,,dzik@stormmedia.gg,,,,maalista,"katselut 23 % tilaajista; niche vaatii koneen; kokoluokka osuu; vain yhden maan listalla; julkaisee aktiivisesti; yhteystieto kuvauksessa"
98,Power Patrik,https://www.youtube.com/channel/UC1KV_Y7BZMa1x61_n6IotWA,HU,varma,hu,10900,5036,30d,0.46,10,1,,clashcuber10@gmail.com,,,,kommentoija,"katselut 46 % tilaajista; niche vaatii koneen; kokoluokka osuu; löytyi kommentoijana (Alfap2w); julkaisee aktiivisesti; yhteystieto kuvauksessa"
95,ZItachi,https://www.youtube.com/channel/UCCtZ7LdDrK4vyWGzKx53zgg,DE,varma,de,85300,58818,30d,0.69,10,0,,,,,,maalista,"katselut 69 % tilaajista; niche vaatii koneen; kokoluokka osuu; vain yhden maan listalla; julkaisee aktiivisesti"
95,Periks Värld,https://www.youtube.com/channel/UC-6vFiMYm8r0eHxZtXetCRQ,SE,varma,sv,60200,31322,30d,0.52,10,0,,,,,,maalista,"katselut 52 % tilaajista; niche vaatii koneen; kokoluokka osuu; vain yhden maan listalla; julkaisee aktiivisesti"
95,AffeDoom,https://www.youtube.com/channel/UCqa96Remwqn-sr28dyqkhDw,SE,varma,sv,58600,45394,30d,0.77,10,0,,,,,,maalista,"katselut 77 % tilaajista; niche vaatii koneen; kokoluokka osuu; vain yhden maan listalla; julkaisee aktiivisesti"
95,Burján Fanni Gaming,https://www.youtube.com/channel/UCSzl1NXLJ1hEcRnYK0C5lbA,HU,varma,hu,90400,84583,30d,0.94,10,0,,,,,,maalista,"katselut 94 % tilaajista; niche vaatii koneen; kokoluokka osuu; vain yhden maan listalla; julkaisee aktiivisesti"
95,ツkaktusz,https://www.youtube.com/channel/UCuzeDi-m4zEMH_STBmfcpgQ,HU,varma,hu,211000,33936,30d,0.16,3.9,6,,,,,,maalista,"katselut 16 % tilaajista; niche vaatii koneen; kokoluokka osuu; vain yhden maan listalla; julkaisee aktiivisesti"
95,GyusziBoi,https://www.youtube.com/channel/UCaR0G9Nin3UBgJd8J1mymuw,HU,varma,hu,95000,26779,30d,0.28,10,1,,,,,,maalista,"katselut 28 % tilaajista; niche vaatii koneen; kokoluokka osuu; vain yhden maan listalla; julkaisee aktiivisesti"
95,Leon Roblox,https://www.youtube.com/channel/UCFJ6bcSaEho5-RScmjEHBLw,PL,varma,pl,42500,60880,30d,1.43,10,0,,,,,,maalista,"katselut 143 % tilaajista; niche vaatii koneen; kokoluokka osuu; vain yhden maan listalla; julkaisee aktiivisesti"
95,Leon,https://www.youtube.com/channel/UCx6vdBXsbCQJH8dITlqKTlQ,PL,varma,pl,94900,78418,30d,0.83,10,1,,,,,,maalista,"katselut 83 % tilaajista; niche vaatii koneen; kokoluokka osuu; vain yhden maan listalla; julkaisee aktiivisesti"
95,Jeremy Frieser 2,https://www.youtube.com/channel/UCYPUsHfDIH3u8Q7oRh_KSuA,NL,varma,nl,107000,66742,30d,0.62,10,0,,,,,,maalista,"katselut 62 % tilaajista; niche vaatii koneen; kokoluokka osuu; vain yhden maan listalla; julkaisee aktiivisesti"
95,Danioo,https://www.youtube.com/channel/UC3KrN0MzfZgZ6CI521IG3yQ,PL,varma,pl,48700,81669,30d,1.68,10,1,,,,,,kommentoija,"katselut 168 % tilaajista; niche vaatii koneen; kokoluokka osuu; löytyi kommentoijana (Leon Roblox); julkaisee aktiivisesti"
95,Harry Alexander Arnold,https://www.youtube.com/channel/UCHD7uOjC8Jvi1ISzxa116ZQ,PL,varma,pl,1990,1329,30d,0.67,9.7,1,@ericchopogoting,,,,,kommentoija,"katselut 67 % tilaajista; myös TikTokissa; alle heidän haarukkansa; löytyi kommentoijana (RafciuSA); julkaisee aktiivisesti"
93,Goggy,https://www.youtube.com/channel/UC3WMI4U178fJAkmPfSvQeUg,DE,varma,de,59100,65236,30d,1.1,10,0,,,,,,maalista,"katselut 110 % tilaajista; niche vaatii koneen; kokoluokka osuu; vain yhden maan listalla; julkaisee aktiivisesti"
93,marli Ordner,https://www.youtube.com/channel/UCnSILFeIEKSZLuOpjtS2POQ,DE,varma,de,172000,122756,30d,0.71,10,1,,,,,,maalista,"katselut 71 % tilaajista; niche vaatii koneen; kokoluokka osuu; vain yhden maan listalla; julkaisee aktiivisesti"
93,BanterBlox,https://www.youtube.com/channel/UCcYFMvU3wAsM0p2qlu0hXEg,HU,varma,hu,76700,66821,30d,0.87,10,0,,,,,,maalista,"katselut 87 % tilaajista; niche vaatii koneen; kokoluokka osuu; vain yhden maan listalla; julkaisee aktiivisesti"
93,SunnBlox,https://www.youtube.com/channel/UC4SThCER4UG4MCLqH46F3MQ,HU,varma,hu,128000,57033,30d,0.45,6.2,1,,,,,,maalista,"katselut 45 % tilaajista; niche vaatii koneen; kokoluokka osuu; vain yhden maan listalla; julkaisee aktiivisesti"
93,Csúb - Az Űrmedve,https://www.youtube.com/channel/UC3naiRIN8f4grIG0vn2r7lQ,HU,varma,hu,216000,40993,30d,0.19,10,3,,,,,,maalista,"katselut 19 % tilaajista; niche vaatii koneen; kokoluokka osuu; vain yhden maan listalla; julkaisee aktiivisesti"
93,BanterPlays,https://www.youtube.com/channel/UCrxWSs0fhhxknQlQQ_UEOrA,HU,varma,hu,26000,28975,30d,1.11,10,0,,,,,,maalista,"katselut 111 % tilaajista; niche vaatii koneen; kokoluokka osuu; vain yhden maan listalla; julkaisee aktiivisesti"
93,Rekál,https://www.youtube.com/channel/UCslOTNlqqscmGXmbyibsbmQ,HU,varma,hu,163000,25457,30d,0.16,4.8,6,,,,kyllä,,maalista,"katselut 16 % tilaajista; niche vaatii koneen; kokoluokka osuu; vain yhden maan listalla; julkaisee aktiivisesti; viitteitä nuoresta yleisöstä"
93,SunnCS,https://www.youtube.com/channel/UCHQMC2YfQVt4-U-P4uEzkKA,HU,varma,hu,50900,72278,30d,1.42,1.8,6,,,,,,maalista,"katselut 142 % tilaajista; niche vaatii koneen; kokoluokka osuu; vain yhden maan listalla; julkaisee aktiivisesti"
93,Karmine Corp Replay,https://www.youtube.com/channel/UCApmTE4So9oX7sPkDGgSpFQ,FR,varma,fr,81200,28199,30d,0.35,10,1,,,,,,maalista,"katselut 35 % tilaajista; niche vaatii koneen; kokoluokka osuu; vain yhden maan listalla; julkaisee aktiivisesti"
93,Itachi,https://www.youtube.com/channel/UCVf1QpwjKl9L68LbEVMrs4Q,FR,varma,fr,76300,88626,30d,1.16,10,0,,,,,,maalista,"katselut 116 % tilaajista; niche vaatii koneen; kokoluokka osuu; vain yhden maan listalla; julkaisee aktiivisesti"
93,Canel,https://www.youtube.com/channel/UCHwjEeIkiw5fzchUkSR1Eow,DE,varma,de,57800,36137,30d,0.63,4.2,10,,,,,,kommentoija,"katselut 63 % tilaajista; niche vaatii koneen; kokoluokka osuu; löytyi kommentoijana (marli Ordner); julkaisee aktiivisesti"
92,Supersagor,https://www.youtube.com/channel/UCotEA_4PFpMlDpBLKJDopSA,SE,varma,sv,45600,20127,30d,0.44,10,0,,Pappihej@supersagor.se,,,,maalista,"katselut 44 % tilaajista; kokoluokka osuu; vain yhden maan listalla; julkaisee aktiivisesti; yhteystieto kuvauksessa"
92,HNoel RBLX,https://www.youtube.com/channel/UCBQFVlbRnv2HTg4qjh64-rw,HU,varma,hu,46000,19729,30d,0.43,10,0,,hnoelrblx@gmail.com,,,,maalista,"katselut 43 % tilaajista; kokoluokka osuu; vain yhden maan listalla; julkaisee aktiivisesti; yhteystieto kuvauksessa"
92,FoxlyBlox,https://www.youtube.com/channel/UCmArYVgUEZBkMwFcS-FcjzA,HU,varma,hu,17400,10165,30d,0.58,10,0,,foxly@foxlystudios.com,,,,maalista,"katselut 58 % tilaajista; kokoluokka osuu; vain yhden maan listalla; julkaisee aktiivisesti; yhteystieto kuvauksessa"
92,Snebur,https://www.youtube.com/channel/UCKJjxCcQz5jIVMbMBtFDN2w,FR,varma,fr,200000,81049,30d,0.41,10,0,,Snebur.pro@gmail.com,,,,maalista,"katselut 41 % tilaajista; kokoluokka osuu; vain yhden maan listalla; julkaisee aktiivisesti; yhteystieto kuvauksessa"
92,KenzyYT,https://www.youtube.com/channel/UCwyJxSjfGYTF3BfNrVdWIOg,HU,epävarma,hu,57900,38180,30d,0.66,10,0,,kenzybusiness1@gmail.com,,,,kommentoija,"katselut 66 % tilaajista; kokoluokka osuu; löytyi kommentoijana (SunnGTA); julkaisee aktiivisesti; yhteystieto kuvauksessa; maa epävarma"
90,Satusetä,https://www.youtube.com/channel/UCpdYbr1AtlP8zN0KAh3P8lw,FI,varma,fi,215000,82123,30d,0.38,10,0,,official@satuseta.fi,,,,maalista,"katselut 38 % tilaajista; kokoluokka osuu; vain yhden maan listalla; julkaisee aktiivisesti; yhteystieto kuvauksessa"
90,Mehr Fabiano,https://www.youtube.com/channel/UCaPlPW6sLMBvgBa11uwaBQA,DE,varma,de,111000,61359,30d,0.55,10,1,,fabiano@lunyone.de,,,,maalista,"katselut 55 % tilaajista; kokoluokka osuu; vain yhden maan listalla; julkaisee aktiivisesti; yhteystieto kuvauksessa"
90,JKFIFA,https://www.youtube.com/channel/UCp4Xer5gEK8yc-loStaAqyg,DK,varma,da,106000,34961,30d,0.33,10,0,,jkfifa@barkagency.dk,,,,maalista,"katselut 33 % tilaajista; kokoluokka osuu; vain yhden maan listalla; julkaisee aktiivisesti; yhteystieto kuvauksessa"
90,Kałach,https://www.youtube.com/channel/UCJJh_EuqOKvRKbirZARbkjQ,PL,varma,pl,160000,98964,30d,0.62,10,2,,vkontaktkalachkrl@gmail.com,,,,maalista,"katselut 62 % tilaajista; kokoluokka osuu; vain yhden maan listalla; julkaisee aktiivisesti; yhteystieto kuvauksessa"
90,TEUSZ,https://www.youtube.com/channel/UCmpb1pXlmEPsC0Az4CTOS4w,PL,varma,pl,170000,90851,30d,0.53,3.4,2,,biuro.teusz@gmail.com,,,,maalista,"katselut 53 % tilaajista; kokoluokka osuu; vain yhden maan listalla; julkaisee aktiivisesti; yhteystieto kuvauksessa"
90,Dani Visser,https://www.youtube.com/channel/UCkpTkrhZrCSAoGcSJGWNKBQ,NL,varma,nl,163000,51681,30d,0.32,10,2,,dani@billy-management.com,,,,maalista,"katselut 32 % tilaajista; kokoluokka osuu; vain yhden maan listalla; julkaisee aktiivisesti; yhteystieto kuvauksessa"
90,Hokaie,https://www.youtube.com/channel/UCERYPIcxQ3hUSbyPC0JxIkQ,FR,varma,fr,105000,98085,30d,0.93,0.7,1,,hokaieyt@gmail.com,,,,maalista,"katselut 93 % tilaajista; kokoluokka osuu; vain yhden maan listalla; julkaisee aktiivisesti; yhteystieto kuvauksessa"
90,Ascuns,https://www.youtube.com/channel/UC4IvegtE25i1iWDUhb5bQhA,FR,varma,fr,209000,113665,30d,0.54,1.8,1,,ascuns@cultureg.eu,,,,maalista,"katselut 54 % tilaajista; kokoluokka osuu; vain yhden maan listalla; julkaisee aktiivisesti; yhteystieto kuvauksessa"
90,Weswoes,https://www.youtube.com/channel/UCbm7Il0B_ni3zUTWhKl4Apg,NL,varma,nl,30300,4063,30d,0.13,10,1,@weswoess,,,,,kommentoija,"katselut vain 13 % tilaajista; myös TikTokissa; niche vaatii koneen; kokoluokka osuu; löytyi kommentoijana (DonKaaklijn); julkaisee aktiivisesti"
89,bociekLS,https://www.youtube.com/channel/UCOWr4IJhfI-3utR6vJitcOg,PL,varma,pl,128000,171827,30d,1.34,5.3,1,,,,,,maalista,"katselut 134 % tilaajista; kokoluokka osuu; vain yhden maan listalla; julkaisee aktiivisesti"
87,SpyplantGaming,https://www.youtube.com/channel/UCX3QIFOnEQ_4c5P4Ws4bgGA,DK,varma,da,73200,34691,30d,0.47,10,1,,,,,,maalista,"katselut 47 % tilaajista; kokoluokka osuu; vain yhden maan listalla; julkaisee aktiivisesti"
87,Cubi-Game,https://www.youtube.com/channel/UC6ZAAmAaS27aK84NNYhtnkQ,FR,varma,fr,132000,119267,30d,0.9,3.5,1,,,,,,maalista,"katselut 90 % tilaajista; kokoluokka osuu; vain yhden maan listalla; julkaisee aktiivisesti"
87,Beone TV,https://www.youtube.com/channel/UC-LzrW2y-ADPwlCLKSSnl5A,FR,varma,fr,59100,103996,30d,1.76,10,1,,,,,,maalista,"katselut 176 % tilaajista; kokoluokka osuu; vain yhden maan listalla; julkaisee aktiivisesti"
87,Grafit gray,https://www.youtube.com/channel/UCgS5dZ2M1sE12bUbyg3E0PA,HU,epävarma,hu,7330,3369,30d,0.46,10,0,,,,,,kommentoija,"katselut 46 % tilaajista; kokoluokka osuu; löytyi kommentoijana (Alfap2w); julkaisee aktiivisesti; maa epävarma"
87,Oliver famons,https://www.youtube.com/channel/UCkDVSPItfhL72XRIRKc0V7Q,DK,epävarma,da,4250,621,30d,0.15,10,0,,,,,,kommentoija,"katselut 15 % tilaajista; kokoluokka osuu; löytyi kommentoijana (SpyplantGaming); julkaisee aktiivisesti; maa epävarma"
85,Rumathandrial the 3rd,https://www.youtube.com/channel/UC1xOkqM5SJlggTMvKweuJFA,DE,varma,de,74900,58229,30d,0.78,10,0,,,,,,maalista,"katselut 78 % tilaajista; kokoluokka osuu; vain yhden maan listalla; julkaisee aktiivisesti"
85,ARC Raiders,https://www.youtube.com/channel/UCHvATl70qssFSzclIIhd8xQ,SE,varma,en,227000,212399,30d,0.94,10,1,,,,,,maalista,"katselut 94 % tilaajista; niche vaatii koneen; kokoluokka osuu; julkaisee aktiivisesti"
85,Jodarum Uncut,https://www.youtube.com/channel/UC32kzm8jOtsDqAEGc5yzUZQ,DE,varma,de,91500,110674,30d,1.21,10,1,,,,,,maalista,"katselut 121 % tilaajista; kokoluokka osuu; vain yhden maan listalla; julkaisee aktiivisesti"
85,Auch Sterzik,https://www.youtube.com/channel/UClBmiTKoJn6gT6WtJgsnhcg,DE,varma,de,247000,97032,30d,0.39,10,1,,,,,,maalista,"katselut 39 % tilaajista; kokoluokka osuu; vain yhden maan listalla; julkaisee aktiivisesti"
85,2okos Live,https://www.youtube.com/channel/UCFh91ItJlrehseN90iJSmtw,HU,varma,hu,116000,89463,30d,0.77,0.4,2,,,,,,maalista,"katselut 77 % tilaajista; kokoluokka osuu; vain yhden maan listalla; julkaisee aktiivisesti"
85,cristijAn,https://www.youtube.com/channel/UCCGYdOd5RN6oGY5NhYZSQaA,HU,varma,hu,125000,16794,30d,0.13,10,0,@cristijan23,business@cristijan.com,,,,maalista,"katselut vain 13 % tilaajista; myös TikTokissa; kokoluokka osuu; vain yhden maan listalla; julkaisee aktiivisesti; yhteystieto kuvauksessa"
85,PATRIK x ISTI,https://www.youtube.com/channel/UCydGxVwFo2NV5WooAw2RCCw,HU,varma,hu,126000,40405,30d,0.32,10,0,,,,,,maalista,"katselut 32 % tilaajista; kokoluokka osuu; vain yhden maan listalla; julkaisee aktiivisesti"
85,Barnigameplay,https://www.youtube.com/channel/UCS8HYpyQ3s4qo4T46kJNI6g,HU,varma,hu,222000,46990,30d,0.21,4.1,3,,,,,,maalista,"katselut 21 % tilaajista; kokoluokka osuu; vain yhden maan listalla; julkaisee aktiivisesti"
85,PildykLT,https://www.youtube.com/channel/UC6rlTjdr8cqk4IJe1GoWukQ,LT,varma,lt,193000,29363,30d,0.15,10,0,,,,,,maalista,"katselut 15 % tilaajista; kokoluokka osuu; vain yhden maan listalla; julkaisee aktiivisesti"
85,Johnni Gade Gaming,https://www.youtube.com/channel/UCs0Cbo9JCNnVKtoywjWt3UA,DK,varma,da,154000,23554,30d,0.15,10,0,,,,,,maalista,"katselut 15 % tilaajista; kokoluokka osuu; vain yhden maan listalla; julkaisee aktiivisesti"
85,Gucio,https://www.youtube.com/channel/UCyPwsFTErDG7aQmBdUcgNyA,PL,varma,pl,130000,87400,30d,0.67,10,0,,,,,,maalista,"katselut 67 % tilaajista; kokoluokka osuu; vain yhden maan listalla; julkaisee aktiivisesti"
85,RafciuSA,https://www.youtube.com/channel/UCczrArbHIIDgTWyErYweTvA,PL,varma,pl,117000,96375,30d,0.82,8.3,1,,,,,,maalista,"katselut 82 % tilaajista; kokoluokka osuu; vain yhden maan listalla; julkaisee aktiivisesti"
85,Patto,https://www.youtube.com/channel/UCiV7QzziJQ-RfWOhm5_aNJA,NL,varma,nl,134000,96687,30d,0.72,4.7,5,,,,,,maalista,"katselut 72 % tilaajista; kokoluokka osuu; vain yhden maan listalla; julkaisee aktiivisesti"
85,DonKaaklijn,https://www.youtube.com/channel/UCMEv20bMABAkkAUZ-95I73w,NL,varma,nl,136000,45404,30d,0.33,10,4,,,,,,maalista,"katselut 33 % tilaajista; kokoluokka osuu; vain yhden maan listalla; julkaisee aktiivisesti"
85,Jayzz 2.0,https://www.youtube.com/channel/UCz60BN_zxDUEt6jEdyz-2xg,FR,varma,fr,221000,259073,30d,1.17,6.5,1,,,,,,maalista,"katselut 117 % tilaajista; kokoluokka osuu; vain yhden maan listalla; julkaisee aktiivisesti"
85,RedEmption,https://www.youtube.com/channel/UCAEhlJXdFkR9V5Sqeu-vptg,FR,varma,fr,102000,66888,30d,0.66,10,1,,,,,,maalista,"katselut 66 % tilaajista; kokoluokka osuu; vain yhden maan listalla; julkaisee aktiivisesti"
85,SerpentBrawl,https://www.youtube.com/channel/UCrcHk4TGwYaDakPuxSDBuYQ,DE,varma,en,24300,38369,30d,1.58,10,0,,,,,,kommentoija,"katselut 158 % tilaajista; kokoluokka osuu; löytyi kommentoijana (AvengerSpencer); julkaisee aktiivisesti"
85,11Legenden,https://www.youtube.com/channel/UCZZIbT6hjqpk6jrHjBJzVGQ,DE,varma,en,21700,26487,30d,1.22,5.5,0,,,,,,kommentoija,"katselut 122 % tilaajista; kokoluokka osuu; löytyi kommentoijana (ARC Raiders); julkaisee aktiivisesti"
85,NIKSO,https://www.youtube.com/channel/UCQBnjIzKTlPRnqT-x_yrEdQ,PL,varma,pl,2960,1285,30d,0.43,2.7,16,@nikso_dbd,,,kyllä,,kommentoija,"katselut 43 % tilaajista; myös TikTokissa; alle heidän haarukkansa; löytyi kommentoijana (RafciuSA); viitteitä nuoresta yleisöstä"
85,Warmińska knieja ,https://www.youtube.com/channel/UCqRsLH2LtSFRdaAc3fEPNKA,PL,varma,pl,603,569,30d,0.94,6.4,22,@kadorek2v,,,,,kommentoija,"katselut 94 % tilaajista; myös TikTokissa; alle heidän haarukkansa; löytyi kommentoijana (bociekLS)"
85,Mikeboy,https://www.youtube.com/channel/UCU1w83qW09y9__C-n99VKCg,NL,varma,nl,5780,2775,30d,0.48,10,0,,,,,,kommentoija,"katselut 48 % tilaajista; kokoluokka osuu; löytyi kommentoijana (Twisty); julkaisee aktiivisesti"
85,Mrzedits ,https://www.youtube.com/channel/UCxbb6sPry-Aes3EFOn3gDDQ,FR,epävarma,fr,11500,4022,30d,0.35,10,0,,,,,,kommentoija,"katselut 35 % tilaajista; kokoluokka osuu; löytyi kommentoijana (Kevko GTA); julkaisee aktiivisesti; maa epävarma"
83,Nessaj Gaming,https://www.youtube.com/channel/UC1R3yteq3HoSUIHQ7hp65XQ,HU,varma,hu,466000,76207,30d,0.16,10,1,@nessaj_official,nessaj@pentamedia.hu,,,,maalista,"katselut 16 % tilaajista; myös TikTokissa; yli heidän haarukkansa; niche vaatii koneen; vain yhden maan listalla; julkaisee aktiivisesti; yhteystieto kuvauksessa"
83,Bilel Gaming,https://www.youtube.com/channel/UCrqTshHeenDNPrKnbctu4-A,FR,varma,fr,400000,261298,30d,0.65,10,1,@bileloff_,contact@bileloff.com,,,,maalista,"katselut 65 % tilaajista; myös TikTokissa; yli heidän haarukkansa; niche vaatii koneen; vain yhden maan listalla; julkaisee aktiivisesti; yhteystieto kuvauksessa"
80,Sälä | GMG,https://www.youtube.com/channel/UCTPaZ0B_vcw3AD7BmByjqZQ,FI,varma,fi,1870,453,30d,0.24,10,4,,,,,,kommentoija,"katselut 24 % tilaajista; niche vaatii koneen; alle heidän haarukkansa; löytyi kommentoijana (EskoLivePlus); julkaisee aktiivisesti"
80,Aatso,https://www.youtube.com/channel/UC6rDl2h0s-SCZ9QELWMtFwg,FI,varma,fi,2440,1286,30d,0.53,3.6,2,,,,,,kommentoija,"katselut 53 % tilaajista; niche vaatii koneen; alle heidän haarukkansa; löytyi kommentoijana (Kakkuh); julkaisee aktiivisesti"
80,RevEditz,https://www.youtube.com/channel/UCEYcVuTnzygya6SZj8nPiAQ,DE,epävarma,de,581,124,30d,0.21,7.6,2,,,,,,kommentoija,"katselut 21 % tilaajista; niche vaatii koneen; alle heidän haarukkansa; löytyi kommentoijana (LiveLuc); julkaisee aktiivisesti; maa epävarma"
80,CollinFN,https://www.youtube.com/channel/UCK3NJNtNKNgOSKbBW7hAUqg,DE,epävarma,de,1750,1472,30d,0.84,7.7,3,,,,,,kommentoija,"katselut 84 % tilaajista; niche vaatii koneen; alle heidän haarukkansa; löytyi kommentoijana (LiveLuc); julkaisee aktiivisesti; maa epävarma"
80,YT Luka,https://www.youtube.com/channel/UCY4DwEW896y9saDf69zZWCw,DE,epävarma,de,2130,1910,30d,0.9,2.7,11,,,,,,kommentoija,"katselut 90 % tilaajista; niche vaatii koneen; alle heidän haarukkansa; löytyi kommentoijana (LiveLuc); julkaisee aktiivisesti; maa epävarma"
80,Lippel07,https://www.youtube.com/channel/UCWSxcaKGxENK2Cz3OaAJ2Uw,DE,epävarma,de,752,451,30d,0.6,9.9,0,,,,,,kommentoija,"katselut 60 % tilaajista; niche vaatii koneen; alle heidän haarukkansa; löytyi kommentoijana (ZItachi); julkaisee aktiivisesti; maa epävarma"
80,FLESER,https://www.youtube.com/channel/UC7Ey4F-rgKlAtUD3zs10XfQ,HU,varma,hu,909,158,30d,0.17,10,2,,,,,,kommentoija,"katselut 17 % tilaajista; niche vaatii koneen; alle heidän haarukkansa; löytyi kommentoijana (Alfap2w); julkaisee aktiivisesti"
80,pipek and thatdom,https://www.youtube.com/channel/UCNbseVLZapJ7UxWlkSJmhUQ,PL,epävarma,pl,702,136,30d,0.19,10,1,,,,,,kommentoija,"katselut 19 % tilaajista; niche vaatii koneen; alle heidän haarukkansa; löytyi kommentoijana (Ptyś); julkaisee aktiivisesti; maa epävarma"
80,Tygren Voltaris,https://www.youtube.com/channel/UCU9vKkcakoCsCDUPXTSIthQ,PL,epävarma,pl,3130,1829,30d,0.58,10,0,,,,,,kommentoija,"katselut 58 % tilaajista; niche vaatii koneen; alle heidän haarukkansa; löytyi kommentoijana (Ptyś); julkaisee aktiivisesti; maa epävarma"
80,KingKontent -,https://www.youtube.com/channel/UCw9-g_1jeCdHVDRFJcSpCCg,NL,epävarma,nl,954,472,30d,0.49,10,0,,,,,,kommentoija,"katselut 49 % tilaajista; niche vaatii koneen; alle heidän haarukkansa; löytyi kommentoijana (DonKaaklijn); julkaisee aktiivisesti; maa epävarma"
80,sharkboy,https://www.youtube.com/channel/UC-q2QzgPYMIyQRrzxizeYqg,NL,epävarma,nl,716,1294,30d,1.81,10,1,,,,,,kommentoija,"katselut 181 % tilaajista; niche vaatii koneen; alle heidän haarukkansa; löytyi kommentoijana (Anko); julkaisee aktiivisesti; maa epävarma"
80,YOUTUBE_KYRO,https://www.youtube.com/channel/UCtp7s1oyIAez7EGhajl4Hhg,FR,varma,fr,1110,355,30d,0.32,10,0,,,,,,kommentoija,"katselut 32 % tilaajista; niche vaatii koneen; alle heidän haarukkansa; löytyi kommentoijana (Kevko GTA); julkaisee aktiivisesti"
80,Diatsch,https://www.youtube.com/channel/UCdfkJFALfwaruwQcAfdNl3Q,FR,epävarma,fr,512,956,30d,1.87,10,2,,,,,,kommentoija,"katselut 187 % tilaajista; niche vaatii koneen; alle heidän haarukkansa; löytyi kommentoijana (Kevko GTA); julkaisee aktiivisesti; maa epävarma"
80,Nexboy_Soon_10k ,https://www.youtube.com/channel/UCLD05e3Yl3lraw-VPxUytpg,FR,epävarma,fr,1010,293,30d,0.29,10,0,,,,,,kommentoija,"katselut 29 % tilaajista; niche vaatii koneen; alle heidän haarukkansa; löytyi kommentoijana (Kevko GTA); julkaisee aktiivisesti; maa epävarma"
78,Monzua,https://www.youtube.com/channel/UCRJRwBvAY1OGKigX3QH8skw,HU,epävarma,hu,2520,1167,30d,0.46,10,1,,,,,,kommentoija,"katselut 46 % tilaajista; niche vaatii koneen; alle heidän haarukkansa; löytyi kommentoijana (SunnGTA); julkaisee aktiivisesti; maa epävarma"
78,Zéro,https://www.youtube.com/channel/UChnZRCGrEnDfdWsaxrCFsOg,HU,varma,hu,3610,901,30d,0.25,10,0,,,,,,kommentoija,"katselut 25 % tilaajista; niche vaatii koneen; alle heidän haarukkansa; löytyi kommentoijana (SunnCS); julkaisee aktiivisesti"
78,Darwx,https://www.youtube.com/channel/UCNl_t7cN5UgYi3ayIz_QYZg,HU,epävarma,hu,761,421,30d,0.55,10,0,,,,,,kommentoija,"katselut 55 % tilaajista; niche vaatii koneen; alle heidän haarukkansa; löytyi kommentoijana (Alfap2w); julkaisee aktiivisesti; maa epävarma"
77,Kinia Tymoszuk,https://www.youtube.com/channel/UCM9CJQQXkZrdBaPyAWhRHWA,PL,varma,pl,964000,408264,30d,0.42,10,1,@kiniatymoszuk,collab@friendz.pl,,,,maalista,"katselut 42 % tilaajista; myös TikTokissa; yli heidän haarukkansa; vain yhden maan listalla; julkaisee aktiivisesti; yhteystieto kuvauksessa"
75,Tai,https://www.youtube.com/channel/UCg8h9rFBF-5qFWQdMPslPDQ,,tuntematon,en,149000,168368,30d,1.13,1.4,18,,,,,,kommentoija,"katselut 113 % tilaajista; niche vaatii koneen; kokoluokka osuu; löytyi kommentoijana (AvengerSpencer)"
75,BSG | Dani,https://www.youtube.com/channel/UCvs407rDsoAgDjcJ-IoOozQ,HU,varma,hu,756,8,30d,0.01,3.7,6,@ipolyibsg,,,,,kommentoija,"katselut vain 1 % tilaajista; myös TikTokissa; niche vaatii koneen; alle heidän haarukkansa; löytyi kommentoijana (SunnGTA); julkaisee aktiivisesti"
75,WrestleGracz,https://www.youtube.com/channel/UCphUnEG4bihEJuLB6FiLehg,PL,varma,pl,840,462,30d,0.55,10,1,,wrestlegracz@wp.pl,,,,kommentoija,"katselut 55 % tilaajista; alle heidän haarukkansa; löytyi kommentoijana (bociekLS); julkaisee aktiivisesti; yhteystieto kuvauksessa"
74,Marcin Miszewski-Kupczak,https://www.youtube.com/channel/UCaY9BkZdanOcq1Zm2TD2rCg,PL,varma,pl,2520,1515,30d,0.6,10,0,,,,,,kommentoija,"katselut 60 % tilaajista; alle heidän haarukkansa; löytyi kommentoijana (bociekLS); julkaisee aktiivisesti"
72,OlaviYT,https://www.youtube.com/channel/UCEWy8BkZ6xWUaplG8rm6pHA,FI,epävarma,fi,1480,1812,30d,1.22,10,0,,,,,,kommentoija,"katselut 122 % tilaajista; alle heidän haarukkansa; löytyi kommentoijana (EskoLivePlus); julkaisee aktiivisesti; maa epävarma"
72,pallokalastaja,https://www.youtube.com/channel/UCfi-T2iqP2hOF4hseg6mWFg,FI,epävarma,fi,634,882,30d,1.39,6.1,1,,,,,,kommentoija,"katselut 139 % tilaajista; alle heidän haarukkansa; löytyi kommentoijana (EskoLivePlus); julkaisee aktiivisesti; maa epävarma"
72,kaltran,https://www.youtube.com/channel/UCdahBiI-rWeYpWk56JHew_w,SE,epävarma,en,541,84,30d,0.16,10,0,,,,,,kommentoija,"katselut 16 % tilaajista; alle heidän haarukkansa; löytyi kommentoijana (TrickLIVE); julkaisee aktiivisesti; maa epävarma"
72,smurfmineboy,https://www.youtube.com/channel/UCtcTxoprzbu2_-yRyhCLjtQ,FI,epävarma,fi,1150,1180,30d,1.03,5.9,3,,,,,,kommentoija,"katselut 103 % tilaajista; alle heidän haarukkansa; löytyi kommentoijana (MrRockis); julkaisee aktiivisesti; maa epävarma"
72,Sharkiy,https://www.youtube.com/channel/UCCSF64kNQBC7eV3Yozih-oA,SE,epävarma,sv,691,662,30d,0.96,6,11,,,,,,kommentoija,"katselut 96 % tilaajista; alle heidän haarukkansa; löytyi kommentoijana (AffeDoom); julkaisee aktiivisesti; maa epävarma"
72,Zurzm_Playz,https://www.youtube.com/channel/UCWQ26rqlJ67uHLVKJksHATQ,SE,varma,sv,2740,507,30d,0.19,10,0,,,,,,kommentoija,"katselut 19 % tilaajista; alle heidän haarukkansa; löytyi kommentoijana (Periks Värld); julkaisee aktiivisesti"
72,🍂Egy_csajos_lány🍂,https://www.youtube.com/channel/UCTPvviIAaTK3fEua08AyiOg,HU,epävarma,hu,624,1034,30d,1.66,10,3,,,,,,kommentoija,"katselut 166 % tilaajista; alle heidän haarukkansa; löytyi kommentoijana (BanterPlays); julkaisee aktiivisesti; maa epävarma"
72,🐎Viki's whi Chanel🥥,https://www.youtube.com/channel/UCuTG5Z2JgQX11IPmmlR3T_A,HU,epävarma,hu,1120,1538,30d,1.37,10,11,,,,,,kommentoija,"katselut 137 % tilaajista; alle heidän haarukkansa; löytyi kommentoijana (Alfap2w); julkaisee aktiivisesti; maa epävarma"
72,Milti,https://www.youtube.com/channel/UCFR_0sry9Q4b3s15by2MhRw,HU,varma,hu,773,222,30d,0.29,10,0,,,,,,kommentoija,"katselut 29 % tilaajista; alle heidän haarukkansa; löytyi kommentoijana (BanterBlox); julkaisee aktiivisesti"
72,Thekpro,https://www.youtube.com/channel/UCyXDopRsDDJEEtYjfKutXPQ,HU,epävarma,hu,1020,751,30d,0.74,10,0,,,,,,kommentoija,"katselut 74 % tilaajista; alle heidän haarukkansa; löytyi kommentoijana (Banter); julkaisee aktiivisesti; maa epävarma"
72,*natedaily*,https://www.youtube.com/channel/UCfEQu1wj12lxgxDmohSGGxw,PL,epävarma,pl,742,380,30d,0.51,10,0,,,,,,kommentoija,"katselut 51 % tilaajista; alle heidän haarukkansa; löytyi kommentoijana (Leon Roblox); julkaisee aktiivisesti; maa epävarma"
72,fan_paliona,https://www.youtube.com/channel/UCvzdZiMuasCVyAYku2eGpYw,PL,epävarma,pl,691,660,30d,0.96,10,4,,,,kyllä,,kommentoija,"katselut 96 % tilaajista; alle heidän haarukkansa; löytyi kommentoijana (Leon Roblox); julkaisee aktiivisesti; maa epävarma; viitteitä nuoresta yleisöstä"
72,𝕩𝕂𝕚𝕟𝕕𝕖𝕣𝕖𝕜𝕜 ℙ𝕃𝕌𝕊,https://www.youtube.com/channel/UCnIyMpgXDuASrd9BN2qVT2g,PL,epävarma,pl,3950,5773,30d,1.46,8.6,6,,,,,,kommentoija,"katselut 146 % tilaajista; alle heidän haarukkansa; löytyi kommentoijana (Ptyś); julkaisee aktiivisesti; maa epävarma"
72,natix,https://www.youtube.com/channel/UCDu9z0fMX08XMY-JSbIUxNQ,PL,epävarma,pl,573,824,30d,1.44,10,1,,,,kyllä,,kommentoija,"katselut 144 % tilaajista; alle heidän haarukkansa; löytyi kommentoijana (Ptyś); julkaisee aktiivisesti; maa epävarma; viitteitä nuoresta yleisöstä"
72,Roblox rafał ,https://www.youtube.com/channel/UCy6EAd7-MYVWGyGncuxONcw,PL,epävarma,pl,3370,531,30d,0.16,10,1,,,,,,kommentoija,"katselut 16 % tilaajista; alle heidän haarukkansa; löytyi kommentoijana (Leon); julkaisee aktiivisesti; maa epävarma"
72,Kitulka,https://www.youtube.com/channel/UCxugIZOnXJrsTtzK6WBg_5w,PL,epävarma,pl,1940,1375,30d,0.71,10,1,,,,,,kommentoija,"katselut 71 % tilaajista; alle heidän haarukkansa; löytyi kommentoijana (Leon); julkaisee aktiivisesti; maa epävarma"
72,adamroblox2025,https://www.youtube.com/channel/UC2m0k1rWf3qDK91bxsGCuzw,PL,epävarma,pl,605,692,30d,1.14,10,6,,,,,,kommentoija,"katselut 114 % tilaajista; alle heidän haarukkansa; löytyi kommentoijana (Kwarcu77); julkaisee aktiivisesti; maa epävarma"
72,wszyscy elo,https://www.youtube.com/channel/UC3Pnh0m_9O-QnGDLWuE-4_A,PL,epävarma,pl,873,1138,30d,1.3,10,4,,,,kyllä,,kommentoija,"katselut 130 % tilaajista; alle heidän haarukkansa; löytyi kommentoijana (Kwarcu77); julkaisee aktiivisesti; maa epävarma; viitteitä nuoresta yleisöstä"
70,Dani Gamee,https://www.youtube.com/channel/UCvHjNXyqMOsFfY7W4VSOH3g,HU,varma,hu,250000,25440,30d,0.1,10,0,,pgtdanimarketing@gmail.com,,,,maalista,"katselut vain 10 % tilaajista; niche vaatii koneen; kokoluokka osuu; vain yhden maan listalla; julkaisee aktiivisesti; yhteystieto kuvauksessa"
70,DEYV Games,https://www.youtube.com/channel/UCzLBEIGwBQo3q4c11WCAg2A,PL,varma,pl,207000,12589,30d,0.06,10,1,,deyv@gethero.pl,,,,maalista,"katselut vain 6 % tilaajista; niche vaatii koneen; kokoluokka osuu; vain yhden maan listalla; julkaisee aktiivisesti; yhteystieto kuvauksessa"
70,Eikka,https://www.youtube.com/channel/UCe6fPd9BaATVTU4Hd9rgr7Q,FI,varma,fi,621,354,30d,0.57,0.2,13,,,,,,kommentoija,"katselut 57 % tilaajista; alle heidän haarukkansa; löytyi kommentoijana (EskoLivePlus); julkaisee aktiivisesti"
70,Miramo111,https://www.youtube.com/channel/UCwIsPyhCrMfsrz7M_J-wumg,DE,varma,en,2640,2466,30d,0.93,8.3,1,,,,,,kommentoija,"katselut 93 % tilaajista; alle heidän haarukkansa; löytyi kommentoijana (BULKHEAD); julkaisee aktiivisesti"
70,olen noob,https://www.youtube.com/channel/UCTj0HwHJrHtQU2zu54L_W2Q,FI,epävarma,fi,601,611,30d,1.02,7.7,5,,,,,,kommentoija,"katselut 102 % tilaajista; alle heidän haarukkansa; löytyi kommentoijana (MrRockis); julkaisee aktiivisesti; maa epävarma"
70,powns,https://www.youtube.com/channel/UCSxujMqeSPkQ2mqbYhoAL6g,NL,epävarma,en,8300,12857,90d,1.55,0.1,2057,,,,,,kommentoija,"katselut 155 % tilaajista; niche vaatii koneen; kokoluokka osuu; löytyi kommentoijana (Nooblet); 2057 pv edellisestä videosta; maa epävarma"
70,Affedoom Fanpage ,https://www.youtube.com/channel/UCuYnh_UsGUZKcSvrrnG28gg,SE,epävarma,sv,2900,4037,30d,1.39,10,1,,,,,,kommentoija,"katselut 139 % tilaajista; alle heidän haarukkansa; löytyi kommentoijana (AffeDoom); julkaisee aktiivisesti; maa epävarma"
70,Huggy Byte,https://www.youtube.com/channel/UCi_of0b5qWZwqtEX7amKlEg,DE,epävarma,de,2700,488,30d,0.18,10,1,,,,kyllä,,kommentoija,"katselut 18 % tilaajista; alle heidän haarukkansa; löytyi kommentoijana (ZItachi); julkaisee aktiivisesti; maa epävarma; viitteitä nuoresta yleisöstä"
70,    Die Kinderwelt 4,https://www.youtube.com/channel/UCvAYIzPIpyxiTrQS5n8LqlQ,DE,epävarma,de,813,378,30d,0.46,10,5,,,,,,kommentoija,"katselut 46 % tilaajista; alle heidän haarukkansa; löytyi kommentoijana (ZItachi); julkaisee aktiivisesti; maa epävarma"
70,"CarLo, Wincent Weiss Fan für immer😎😎",https://www.youtube.com/channel/UCG5-Vzfjj3Ru6lEnfNY-2fg,DE,epävarma,de,557,346,30d,0.62,10,0,,,,,,kommentoija,"katselut 62 % tilaajista; alle heidän haarukkansa; löytyi kommentoijana (ZItachi); julkaisee aktiivisesti; maa epävarma"
70,JONOX,https://www.youtube.com/channel/UC7C0cC10HtRJXy4iFpbOfnA,DE,epävarma,de,1050,1172,30d,1.12,10,8,,,,,,kommentoija,"katselut 112 % tilaajista; alle heidän haarukkansa; löytyi kommentoijana (Mehr Fabiano); julkaisee aktiivisesti; maa epävarma"
70,GhostY_,https://www.youtube.com/channel/UCyuwTdRXB-4WuF7tBtT6kog,HU,epävarma,hu,659,685,30d,1.04,10,0,,,,,,kommentoija,"katselut 104 % tilaajista; alle heidän haarukkansa; löytyi kommentoijana (SunnGTA); julkaisee aktiivisesti; maa epävarma"
70,Àkos,https://www.youtube.com/channel/UCQaKnpaSD7C0XgEKO6Xj7Jg,HU,epävarma,hu,738,593,30d,0.8,2.8,14,,,,,,kommentoija,"katselut 80 % tilaajista; alle heidän haarukkansa; löytyi kommentoijana (BanterPlays); julkaisee aktiivisesti; maa epävarma"
70,Leventepro,https://www.youtube.com/channel/UCoKr1Ig7vWrYLv1qmk1T4pA,HU,epävarma,hu,653,271,30d,0.42,10,6,,,,,,kommentoija,"katselut 42 % tilaajista; alle heidän haarukkansa; löytyi kommentoijana (BanterBlox); julkaisee aktiivisesti; maa epävarma"
70,Conny ^^,https://www.youtube.com/channel/UCxkT0svgPr0xj_EWC7ZoV1A,HU,epävarma,hu,1040,153,30d,0.15,10,3,,,,,,kommentoija,"katselut 15 % tilaajista; alle heidän haarukkansa; löytyi kommentoijana (BanterBlox); julkaisee aktiivisesti; maa epävarma"
70,Emike,https://www.youtube.com/channel/UCmWqTwbi8FPFBK2rr-joDlg,HU,epävarma,hu,647,750,30d,1.16,10,0,,,,,,kommentoija,"katselut 116 % tilaajista; alle heidän haarukkansa; löytyi kommentoijana (BanterBlox); julkaisee aktiivisesti; maa epävarma"
70,BANTER_FAN,https://www.youtube.com/channel/UCeoaw64AlzjDdVEvOB0pQ8w,HU,epävarma,hu,647,491,30d,0.76,10,0,,,,,,kommentoija,"katselut 76 % tilaajista; alle heidän haarukkansa; löytyi kommentoijana (BanterBlox); julkaisee aktiivisesti; maa epävarma"
70, V.Bogcsi🦜,https://www.youtube.com/channel/UCb-YuxbZ5oiKLY-Askpbwgw,HU,epävarma,hu,1270,1966,30d,1.55,10,4,,,,kyllä,,kommentoija,"katselut 155 % tilaajista; alle heidän haarukkansa; löytyi kommentoijana (BanterBlox); julkaisee aktiivisesti; maa epävarma; viitteitä nuoresta yleisöstä"
70,Máté,https://www.youtube.com/channel/UC8Hao8gXhOlTcp_PHPzp4lQ,HU,epävarma,hu,1150,884,30d,0.77,10,0,,,,kyllä,,kommentoija,"katselut 77 % tilaajista; alle heidän haarukkansa; löytyi kommentoijana (Banter); julkaisee aktiivisesti; maa epävarma; viitteitä nuoresta yleisöstä"
70,BOBOWY KANAŁ,https://www.youtube.com/channel/UCEqHm-LMxRMAC_48raVF3VQ,PL,epävarma,pl,1480,699,30d,0.47,8.5,4,,,,,,kommentoija,"katselut 47 % tilaajista; alle heidän haarukkansa; löytyi kommentoijana (Leon Roblox); julkaisee aktiivisesti; maa epävarma"
70,~Fanka_Leonidasa~,https://www.youtube.com/channel/UCm5sb-MsuVscgcPMn2f85Tw,PL,epävarma,pl,751,1360,30d,1.81,10,0,,,,,,kommentoija,"katselut 181 % tilaajista; alle heidän haarukkansa; löytyi kommentoijana (Leon Roblox); julkaisee aktiivisesti; maa epävarma"
70,Mateusz18,https://www.youtube.com/channel/UCZL2Xab9dq-HPIQ4qT2Ycwg,PL,epävarma,pl,1680,3143,30d,1.87,10,1,,,,,,kommentoija,"katselut 187 % tilaajista; alle heidän haarukkansa; löytyi kommentoijana (Ptyś); julkaisee aktiivisesti; maa epävarma"
70,Kocham  samoloty,https://www.youtube.com/channel/UC4RjJhLYGbfrSFAw8gMXHlw,PL,epävarma,pl,627,1221,30d,1.95,4.1,0,,,,,,kommentoija,"katselut 195 % tilaajista; alle heidän haarukkansa; löytyi kommentoijana (Ptyś); julkaisee aktiivisesti; maa epävarma"
70,Zielony_652 ,https://www.youtube.com/channel/UCzGhuPR29ygUAaRDwUBMkGg,PL,epävarma,pl,658,538,30d,0.82,10,0,,,,,,kommentoija,"katselut 82 % tilaajista; alle heidän haarukkansa; löytyi kommentoijana (Ptyś); julkaisee aktiivisesti; maa epävarma"
70,꧁༿𝐿𝑖𝑣𝑖𝑖༾꧂,https://www.youtube.com/channel/UCfSkMVJ3uaQJ4NH_pfoXNhQ,PL,epävarma,pl,1410,1001,30d,0.71,10,2,,,,,,kommentoija,"katselut 71 % tilaajista; alle heidän haarukkansa; löytyi kommentoijana (Ptyś); julkaisee aktiivisesti; maa epävarma"
70,Ciastko Trus,https://www.youtube.com/channel/UCR_9jxFlHAAQMLecd3neDgA,PL,epävarma,pl,530,120,30d,0.23,2.4,10,,,,,,kommentoija,"katselut 23 % tilaajista; alle heidän haarukkansa; löytyi kommentoijana (Leon); julkaisee aktiivisesti; maa epävarma"
70,wo1tx,https://www.youtube.com/channel/UCAHqFRmZmuiByrOCRbtxOrw,PL,epävarma,pl,517,902,30d,1.74,10,1,,,,,,kommentoija,"katselut 174 % tilaajista; alle heidän haarukkansa; löytyi kommentoijana (Kwarcu77); julkaisee aktiivisesti; maa epävarma"
70,cherli,https://www.youtube.com/channel/UCyrwYUV47rVamPKmcOJnbtQ,PL,epävarma,pl,1700,706,30d,0.42,5.5,11,,,,,,kommentoija,"katselut 42 % tilaajista; alle heidän haarukkansa; löytyi kommentoijana (Kwarcu77); julkaisee aktiivisesti; maa epävarma"
70,AAAOG15,https://www.youtube.com/channel/UCxnk0HoK1kRhaOaDzWWsQHQ,PL,varma,pl,564,277,30d,0.49,10,0,,,,,,kommentoija,"katselut 49 % tilaajista; alle heidän haarukkansa; löytyi kommentoijana (Kwarcu77); julkaisee aktiivisesti"
70,Kapibary najlepsze,https://www.youtube.com/channel/UCzPaQPwYePsDIDJ3TJI82cg,PL,epävarma,pl,810,709,30d,0.88,10,1,,,,,,kommentoija,"katselut 88 % tilaajista; alle heidän haarukkansa; löytyi kommentoijana (RafciuSA); julkaisee aktiivisesti; maa epävarma"
70,OFF do zimy,https://www.youtube.com/channel/UC9k9hVO5yllCNuTp6wi8cCg,PL,epävarma,pl,544,408,30d,0.75,10,0,,,,,,kommentoija,"katselut 75 % tilaajista; alle heidän haarukkansa; löytyi kommentoijana (bociekLS); julkaisee aktiivisesti; maa epävarma"
70,kaczka123,https://www.youtube.com/channel/UCTNqmGPtGzW1vXNl70UaoXg,PL,epävarma,pl,597,739,30d,1.24,10,1,,,,,,kommentoija,"katselut 124 % tilaajista; alle heidän haarukkansa; löytyi kommentoijana (RafciuSA); julkaisee aktiivisesti; maa epävarma"
70,Ziutek ZKNG,https://www.youtube.com/channel/UChoE4ZCY-zotaAGSFR-rmTA,PL,epävarma,pl,2180,2343,30d,1.07,10,3,,,,,,kommentoija,"katselut 107 % tilaajista; alle heidän haarukkansa; löytyi kommentoijana (bociekLS); julkaisee aktiivisesti; maa epävarma"
70,AdamCkski ,https://www.youtube.com/channel/UCjCW1lkkF12lfdrIy0xXw0A,PL,epävarma,pl,902,1206,30d,1.34,4.5,4,,,,,,kommentoija,"katselut 134 % tilaajista; alle heidän haarukkansa; löytyi kommentoijana (bociekLS); julkaisee aktiivisesti; maa epävarma"
70,Goldenregnorm,https://www.youtube.com/channel/UCAOlpjQV_c3cfa0bKeNTOyA,DK,epävarma,da,740,1192,30d,1.61,10,1,,,,,,kommentoija,"katselut 161 % tilaajista; alle heidän haarukkansa; löytyi kommentoijana (MrSpyplant); julkaisee aktiivisesti; maa epävarma"
70,han,https://www.youtube.com/channel/UCwdqYdaZMDMbD7HlQm089nw,NL,epävarma,nl,530,340,90d,0.64,0.5,39,,,,,,kommentoija,"katselut 64 % tilaajista; niche vaatii koneen; alle heidän haarukkansa; löytyi kommentoijana (Jeremy Frieser 2); maa epävarma"
70,Bleij,https://www.youtube.com/channel/UCX3nocbBEfKHdIWIC8DJv2g,NL,varma,nl,3660,1669,30d,0.46,10,1,,,,,,kommentoija,"katselut 46 % tilaajista; alle heidän haarukkansa; löytyi kommentoijana (Twisty); julkaisee aktiivisesti"
70,𝕒𝕜𝕚𝕝𝕖𝕩88,https://www.youtube.com/channel/UCk8yj5Nfnw8VR2W-4HsHWUQ,FR,epävarma,fr,587,300,30d,0.51,10,1,,,,kyllä,,kommentoija,"katselut 51 % tilaajista; alle heidän haarukkansa; löytyi kommentoijana (Beone TV); julkaisee aktiivisesti; maa epävarma; viitteitä nuoresta yleisöstä"
70,Rsko_DD76,https://www.youtube.com/channel/UCCjw0DugsvCSQTvIZz7LPXg,FR,epävarma,fr,524,263,30d,0.5,10,13,,,,kyllä,,kommentoija,"katselut 50 % tilaajista; alle heidän haarukkansa; löytyi kommentoijana (Beone TV); julkaisee aktiivisesti; maa epävarma; viitteitä nuoresta yleisöstä"
70,Onil,https://www.youtube.com/channel/UCfiu9wyHuc9m-Qq-Zo_PqSQ,FR,epävarma,fr,915,921,30d,1.01,10,4,,,,,,kommentoija,"katselut 101 % tilaajista; alle heidän haarukkansa; löytyi kommentoijana (Kevko GTA); julkaisee aktiivisesti; maa epävarma"
69,JesseGamingGD,https://www.youtube.com/channel/UC6iLfjERweObxPBO9A8NAJg,,tuntematon,en,4920,841,30d,0.17,5.6,3,,,,,,kommentoija,"katselut 17 % tilaajista; niche ei vaadi konetta; kokoluokka osuu; löytyi kommentoijana (TrickLIVE); julkaisee aktiivisesti"
68,Catch_u_reloadn,https://www.youtube.com/channel/UCFIOkctlNgG6aJmPoAhjnww,,tuntematon,en,817,884,30d,1.08,10,1,,,,,,kommentoija,"katselut 108 % tilaajista; niche vaatii koneen; alle heidän haarukkansa; löytyi kommentoijana (ARC Raiders); julkaisee aktiivisesti"
67,Peet-Gaming®,https://www.youtube.com/channel/UCZTmkHNPAwglC7tmIjrR2PQ,HU,epävarma,hu,655,345,30d,0.53,3,25,,huaweifiok3232@gmail.com,,,,kommentoija,"katselut 53 % tilaajista; alle heidän haarukkansa; löytyi kommentoijana (SunnGTA); yhteystieto kuvauksessa; maa epävarma"
65,Beam,https://www.youtube.com/channel/UCp56TyePXVBOaMIsCl1dYyQ,DE,varma,de,522000,159233,30d,0.31,3.7,1,,,kyllä,,,maalista,"katselut 31 % tilaajista; puhuu laitteistosta; yli heidän haarukkansa; vain yhden maan listalla; julkaisee aktiivisesti"
65,quaz9,https://www.youtube.com/channel/UCC9ZIpLRneyc3gyoCrEj1uw,PL,varma,pl,386000,150650,30d,0.39,2.9,1,,,kyllä,,,maalista,"katselut 39 % tilaajista; puhuu laitteistosta; yli heidän haarukkansa; vain yhden maan listalla; julkaisee aktiivisesti"
65,JEPPAY,https://www.youtube.com/channel/UC4PDrB7alZjTQgTTyN6tCAg,DK,varma,en,12000,728,30d,0.06,3.3,1,,,,,,kommentoija,"katselut vain 6 % tilaajista; niche vaatii koneen; kokoluokka osuu; löytyi kommentoijana (BULKHEAD); julkaisee aktiivisesti"
65,Arivo,https://www.youtube.com/channel/UC0XMql1aUsS5igcNJdxtNpw,PL,epävarma,pl,54100,54,30d,0,8.5,0,,,,,,kommentoija,"niche vaatii koneen; kokoluokka osuu; löytyi kommentoijana (Ptyś); julkaisee aktiivisesti; maa epävarma"
64,Siku fan polska,https://www.youtube.com/channel/UCrV-PE8sIRp49fkvekcapcg,PL,epävarma,pl,1470,1066,30d,0.73,10,1,,,,,,kommentoija,"katselut 73 % tilaajista; niche ei vaadi konetta; alle heidän haarukkansa; löytyi kommentoijana (bociekLS); julkaisee aktiivisesti; maa epävarma"
64,PolishAgroFarm,https://www.youtube.com/channel/UCs7XvFUBo3hC06tbzPpFFfA,PL,varma,pl,4740,2313,90d,0.49,1,217,,,,,,kommentoija,"katselut 49 % tilaajista; kokoluokka osuu; löytyi kommentoijana (bociekLS); 217 pv edellisestä videosta"
63,KODIAK,https://www.youtube.com/channel/UCWfCFp2YbexUlSVM3ZOOnLw,HU,varma,hu,90100,11656,30d,0.13,10,0,,,,,,maalista,"katselut vain 13 % tilaajista; niche vaatii koneen; kokoluokka osuu; vain yhden maan listalla; julkaisee aktiivisesti"
63,jasonplay,https://www.youtube.com/channel/UCFE9yrzNedNmpsg6oTUpLYw,HU,varma,hu,157000,3786,30d,0.02,10,0,,,,,,kommentoija,"katselut vain 2 % tilaajista; niche vaatii koneen; kokoluokka osuu; löytyi kommentoijana (SunnCS); julkaisee aktiivisesti"
63,M4SR,https://www.youtube.com/channel/UCat5zkuPVDC2UtEa8TLObRQ,NL,varma,nl,45200,1254,30d,0.03,10,0,,,,,,kommentoija,"katselut vain 3 % tilaajista; niche vaatii koneen; kokoluokka osuu; löytyi kommentoijana (Twisty); julkaisee aktiivisesti"
62,~Cellicea1232~,https://www.youtube.com/channel/UCiuVFDD4YGp0cbWsJ9jsrxw,,tuntematon,en,897,362,30d,0.4,10,0,,,,,,kommentoija,"katselut 40 % tilaajista; alle heidän haarukkansa; löytyi kommentoijana (AvengerSpencer); julkaisee aktiivisesti"
62,AdamusAura,https://www.youtube.com/channel/UCXhKcr-Qy2kkgxquOc-WfCA,PL,epävarma,pl,3100,1446,90d,0.47,3.5,39,,,,kyllä,,kommentoija,"katselut 47 % tilaajista; alle heidän haarukkansa; löytyi kommentoijana (RafciuSA); maa epävarma; viitteitä nuoresta yleisöstä"
62,KYO,https://www.youtube.com/channel/UC8NyMX0R4Re8U6hdTkFqhrQ,FR,epävarma,fr,4900,3153,90d,0.64,2.1,104,,,,,,kommentoija,"katselut 64 % tilaajista; kokoluokka osuu; löytyi kommentoijana (Beone TV); 104 pv edellisestä videosta; maa epävarma"
60,Olle Mcdulle,https://www.youtube.com/channel/UCiqMCrUJtp2jmiESA0woN4Q,SE,varma,sv,142000,16212,30d,0.11,8.3,1,,ollesponsors@gmail.com,,,,maalista,"katselut vain 11 % tilaajista; kokoluokka osuu; vain yhden maan listalla; julkaisee aktiivisesti; yhteystieto kuvauksessa"
60,BastiGHG,https://www.youtube.com/channel/UCgZpwegd4AdDlZNrIamIgRw,DE,varma,de,2350000,972011,30d,0.41,6.7,1,,impressum@bastighg.de,,kyllä,,maalista,"katselut 41 % tilaajista; yli heidän haarukkansa; niche vaatii koneen; vain yhden maan listalla; julkaisee aktiivisesti; yhteystieto kuvauksessa; viitteitä nuoresta yleisöstä"
60,LUCREW,https://www.youtube.com/channel/UCnGzJIUgwZmvixL5WzxIwbg,DE,varma,de,1530000,316329,30d,0.21,10,0,,info@laserluca.com,,kyllä,,maalista,"katselut 21 % tilaajista; yli heidän haarukkansa; niche vaatii koneen; vain yhden maan listalla; julkaisee aktiivisesti; yhteystieto kuvauksessa; viitteitä nuoresta yleisöstä"
60,TriDan,https://www.youtube.com/channel/UCPZNpsaGsOQ4zrIcUIDKXvQ,DE,varma,de,254000,132996,30d,0.52,10,0,,tridan@water.koeln,,,,maalista,"katselut 52 % tilaajista; yli heidän haarukkansa; niche vaatii koneen; vain yhden maan listalla; julkaisee aktiivisesti; yhteystieto kuvauksessa"
60,rezon ay,https://www.youtube.com/channel/UCtPqkypkbcwiWIdi1Ntmv3A,DE,varma,de,667000,97705,30d,0.15,10,0,,rezon@ins.gg,,,,maalista,"katselut 15 % tilaajista; yli heidän haarukkansa; niche vaatii koneen; vain yhden maan listalla; julkaisee aktiivisesti; yhteystieto kuvauksessa"
60,HamedLoco Spielt,https://www.youtube.com/channel/UCTvMwHuo4OuzCQXav-86Npg,DE,varma,de,376000,72592,30d,0.19,10,1,,info@ciberdime.com,,,,maalista,"katselut 19 % tilaajista; yli heidän haarukkansa; niche vaatii koneen; vain yhden maan listalla; julkaisee aktiivisesti; yhteystieto kuvauksessa"
60,szamanfn,https://www.youtube.com/channel/UCqRacRGE0si-dBnYtoIBe7w,PL,varma,pl,420000,176874,30d,0.42,10,0,,szamanfn@creative-minds.pl,,,,maalista,"katselut 42 % tilaajista; yli heidän haarukkansa; niche vaatii koneen; vain yhden maan listalla; julkaisee aktiivisesti; yhteystieto kuvauksessa"
60,ogryzek,https://www.youtube.com/channel/UC25EPjrlQWIEmtn-HqTz1HA,PL,varma,pl,765000,221519,30d,0.29,5.8,2,,franekkrupa03@gmail.com,,,,maalista,"katselut 29 % tilaajista; yli heidän haarukkansa; niche vaatii koneen; vain yhden maan listalla; julkaisee aktiivisesti; yhteystieto kuvauksessa"
60,PLKD,https://www.youtube.com/channel/UCxVLNEn6PsShaMg81amQn3A,PL,varma,pl,1190000,212159,30d,0.18,10,0,,biznes@plkd.net,,,,maalista,"katselut 18 % tilaajista; yli heidän haarukkansa; niche vaatii koneen; vain yhden maan listalla; julkaisee aktiivisesti; yhteystieto kuvauksessa"
60,Luczek 🐶,https://www.youtube.com/channel/UClFiR6dnvdeTYJ_P_LlOWiA,PL,varma,pl,842000,213471,30d,0.25,10,0,,luczek.reklama@gmail.com,,,,maalista,"katselut 25 % tilaajista; yli heidän haarukkansa; niche vaatii koneen; vain yhden maan listalla; julkaisee aktiivisesti; yhteystieto kuvauksessa"
60,HARM2,https://www.youtube.com/channel/UC1DiQDNzgMnKuib_66PeBHw,NL,varma,nl,286000,97344,30d,0.34,4.1,8,,info@harm98.nl,,,,maalista,"katselut 34 % tilaajista; yli heidän haarukkansa; niche vaatii koneen; vain yhden maan listalla; julkaisee aktiivisesti; yhteystieto kuvauksessa"
60,Fiouze,https://www.youtube.com/channel/UCBIVKUsOGwCg8RNpucEGp_g,FR,varma,fr,758000,685971,30d,0.9,9.1,2,,fiouze@blockmedia.fr,,,,maalista,"katselut 90 % tilaajista; yli heidän haarukkansa; niche vaatii koneen; vain yhden maan listalla; julkaisee aktiivisesti; yhteystieto kuvauksessa"
60,ClownPierce,https://www.youtube.com/channel/UCs3bpV2sr9P9csJVAyogArQ,NL,varma,en,1690000,507577,30d,0.3,0.5,0,,clownpierce@dcmedia.tv,,,,maalista,"katselut 30 % tilaajista; yli heidän haarukkansa; niche vaatii koneen; vain yhden maan listalla; julkaisee aktiivisesti; yhteystieto kuvauksessa"
60,VoltCoreYT,https://www.youtube.com/channel/UC2lxKA216rY_pFYtCleARmg,,tuntematon,en,911,488,30d,0.54,7.5,0,,,,,,kommentoija,"katselut 54 % tilaajista; alle heidän haarukkansa; löytyi kommentoijana (TrickLIVE); julkaisee aktiivisesti"
60,rin tin tin n em ,https://www.youtube.com/channel/UC2bINEFsb7kHKJ99g_TnR1Q,,tuntematon,en,750,1292,30d,1.72,0.3,11,,,,,,kommentoija,"katselut 172 % tilaajista; alle heidän haarukkansa; löytyi kommentoijana (TrickLIVE); julkaisee aktiivisesti"
60,Haxhax,https://www.youtube.com/channel/UC8GhcK_dSYSdD79T_J1tLIQ,FI,varma,fi,838,287,90d,0.34,0.6,85,,,,,,kommentoija,"katselut 34 % tilaajista; alle heidän haarukkansa; löytyi kommentoijana (Lewa)"
60,Agrarservice TB,https://www.youtube.com/channel/UCnW41UE_Vh0g_MkAJZ_zoTQ,DE,varma,de,620,309,90d,0.5,0.5,58,,,,,,kommentoija,"katselut 50 % tilaajista; alle heidän haarukkansa; löytyi kommentoijana (LiveLuc)"
60,Luke Böhm,https://www.youtube.com/channel/UCKtZulxeOEOGoQLnpkNLHVw,DE,epävarma,de,25100,13286,90d,0.53,0.1,616,,,,,,kommentoija,"katselut 53 % tilaajista; kokoluokka osuu; löytyi kommentoijana (ZItachi); 616 pv edellisestä videosta; maa epävarma"
60,Kody Bean,https://www.youtube.com/channel/UCdTCjVbsNoanHDB1NqyUdjg,,tuntematon,en,1180,555,30d,0.47,10,0,,,,,,kommentoija,"katselut 47 % tilaajista; alle heidän haarukkansa; löytyi kommentoijana (ARC Raiders); julkaisee aktiivisesti"
60,Matixer3852-Główny,https://www.youtube.com/channel/UCiPmtIzJZ5SHkhqs0FsRUDw,PL,epävarma,pl,558,748,90d,1.34,1.2,48,,,,,,kommentoija,"katselut 134 % tilaajista; alle heidän haarukkansa; löytyi kommentoijana (RafciuSA); maa epävarma"
60,Niderlandzki Fachowiec,https://www.youtube.com/channel/UCovqW4M4v-euMsCOgY25buw,PL,epävarma,pl,1180,1907,90d,1.62,3.5,73,,,,,,kommentoija,"katselut 162 % tilaajista; alle heidän haarukkansa; löytyi kommentoijana (RafciuSA); maa epävarma"
60,Michał Wilk,https://www.youtube.com/channel/UCQy0szNfVQWAJrScn8Dzykg,PL,epävarma,pl,740,971,90d,1.31,3.6,82,,,,,,kommentoija,"katselut 131 % tilaajista; alle heidän haarukkansa; löytyi kommentoijana (Kwarcu77); maa epävarma"
60,Surykatka,https://www.youtube.com/channel/UCMXZwpVnaFiuBaKHI-joxlA,PL,epävarma,pl,968,1125,90d,1.16,1.2,86,,,,,,kommentoija,"katselut 116 % tilaajista; alle heidän haarukkansa; löytyi kommentoijana (RafciuSA); maa epävarma"
60,Zyx ,https://www.youtube.com/channel/UC1iX7g-R2J5eDTQv2WPCgRQ,DK,epävarma,da,2840,885,30d,0.31,10,18,,,,,,kommentoija,"katselut 31 % tilaajista; alle heidän haarukkansa; löytyi kommentoijana (SpyplantGaming); maa epävarma"
60,Lealex💗,https://www.youtube.com/channel/UC9lSACEspOWJbD-vGCS7Ksg,DK,epävarma,da,871,1177,30d,1.35,0.6,20,,,,,,kommentoija,"katselut 135 % tilaajista; alle heidän haarukkansa; löytyi kommentoijana (MrSpyplant); maa epävarma"
60,Monkeyes,https://www.youtube.com/channel/UCpv45W_0L9VTI-ip9Z533Wg,FR,varma,fr,13500,1187,30d,0.09,1.5,0,,smonkeyespro@gmail.com,,,,kommentoija,"katselut vain 9 % tilaajista; kokoluokka osuu; löytyi kommentoijana (Hokaie); julkaisee aktiivisesti; yhteystieto kuvauksessa"
58,Slag,https://www.youtube.com/channel/UCi9_-voV6VqTOy5s_RpZ23A,DE,varma,de,253000,63008,30d,0.25,10,0,,slag@lunyone.de,,,,maalista,"katselut 25 % tilaajista; yli heidän haarukkansa; niche vaatii koneen; vain yhden maan listalla; julkaisee aktiivisesti; yhteystieto kuvauksessa"
58,Kevko GTA,https://www.youtube.com/channel/UCN1PuHxQyTGQjEKGT7Smshw,FR,varma,fr,65100,296479,30d,4.55,9.9,0,,partenariats@kevko.fr,,,,maalista,"katselusuhde 455 % epäilyttävän korkea; niche vaatii koneen; kokoluokka osuu; vain yhden maan listalla; julkaisee aktiivisesti; yhteystieto kuvauksessa"
58,Mush,https://www.youtube.com/channel/UCKygYscyPCRhDQmJmR4mOiQ,FR,varma,fr,344000,156001,30d,0.45,1.3,2,,mush@cultureg.eu,,,,maalista,"katselut 45 % tilaajista; yli heidän haarukkansa; niche vaatii koneen; vain yhden maan listalla; julkaisee aktiivisesti; yhteystieto kuvauksessa"
58,DHM 2.0 ,https://www.youtube.com/channel/UCegFrlVxf8kK3g_XlTNcUmA,FR,varma,fr,507000,87140,30d,0.17,8.3,1,,contact@dhmteam.fr,,,,maalista,"katselut 17 % tilaajista; yli heidän haarukkansa; niche vaatii koneen; vain yhden maan listalla; julkaisee aktiivisesti; yhteystieto kuvauksessa"
57,Zhenixx,https://www.youtube.com/channel/UCMGeLFzyG0XFGOCseHDmOqg,DK,epävarma,da,6320,824,30d,0.13,5.3,5,,,,,,kommentoija,"katselut vain 13 % tilaajista; kokoluokka osuu; löytyi kommentoijana (SpyplantGaming); julkaisee aktiivisesti; maa epävarma"
55,Lakko,https://www.youtube.com/channel/UC1BIOZPjE3lYa2s3ZT1kYaA,FI,varma,fi,1010000,272270,30d,0.27,10,0,,,,,,maalista,"katselut 27 % tilaajista; yli heidän haarukkansa; niche vaatii koneen; vain yhden maan listalla; julkaisee aktiivisesti"
55,eeddplays,https://www.youtube.com/channel/UCvx1h5K7wZzOFJiPzSvpq4w,FI,varma,fi,244000,26877,30d,0.11,10,1,,,,,,maalista,"katselut vain 11 % tilaajista; kokoluokka osuu; vain yhden maan listalla; julkaisee aktiivisesti"
55,CastCrafter,https://www.youtube.com/channel/UCv-2AOti-1xft7xqjth6mGg,DE,varma,de,530000,209314,30d,0.39,3.6,0,,,,kyllä,,maalista,"katselut 39 % tilaajista; yli heidän haarukkansa; niche vaatii koneen; vain yhden maan listalla; julkaisee aktiivisesti; viitteitä nuoresta yleisöstä"
55,SCOAR,https://www.youtube.com/channel/UC1jy4Vz3yy5eLeMrYg-UPSA,SE,varma,sv,103000,13692,30d,0.13,10,0,,,,,,maalista,"katselut vain 13 % tilaajista; kokoluokka osuu; vain yhden maan listalla; julkaisee aktiivisesti"
55,Otherworld,https://www.youtube.com/channel/UCYufxNN4JYBVQ7zL1Khb7sQ,HU,varma,hu,264000,65634,30d,0.25,6.6,3,,,,,,maalista,"katselut 25 % tilaajista; yli heidän haarukkansa; niche vaatii koneen; vain yhden maan listalla; julkaisee aktiivisesti"
55,Ptyś,https://www.youtube.com/channel/UCmLkvrdnoyCRcKN9rJXnH2Q,PL,varma,pl,61500,217959,30d,3.54,10,0,,,,,,maalista,"katselusuhde 354 % epäilyttävän korkea; niche vaatii koneen; kokoluokka osuu; vain yhden maan listalla; julkaisee aktiivisesti"
55,ZenciaK,https://www.youtube.com/channel/UCIdLq7MWuH3rPRH3CMWhPNA,PL,varma,pl,268000,40276,30d,0.15,10,0,,,,,,maalista,"katselut 15 % tilaajista; yli heidän haarukkansa; niche vaatii koneen; vain yhden maan listalla; julkaisee aktiivisesti"
55,Luferek,https://www.youtube.com/channel/UCuUISxBgHJ6C380n83LQPgg,PL,varma,pl,795000,118667,30d,0.15,6.5,2,,,,,,maalista,"katselut 15 % tilaajista; yli heidän haarukkansa; niche vaatii koneen; vain yhden maan listalla; julkaisee aktiivisesti"
55,Jacobik,https://www.youtube.com/channel/UCxya-A0gzUIwjFTKir0of9g,PL,varma,pl,338000,226520,30d,0.67,4.5,3,,,,,,maalista,"katselut 67 % tilaajista; yli heidän haarukkansa; niche vaatii koneen; vain yhden maan listalla; julkaisee aktiivisesti"
55,Bazar du Grenier,https://www.youtube.com/channel/UCCMxHHciWRBBouzk-PGzmtQ,FR,varma,fr,2060000,988125,30d,0.48,4.3,1,,,,,,maalista,"katselut 48 % tilaajista; yli heidän haarukkansa; niche vaatii koneen; vain yhden maan listalla; julkaisee aktiivisesti"
55,Ludwin,https://www.youtube.com/channel/UCz6XquIbM5OcfK7r3hQQCXA,DK,epävarma,en,1460000,376675,30d,0.26,10,0,,,,,,maalista,"katselut 26 % tilaajista; yli heidän haarukkansa; niche vaatii koneen; vain yhden maan listalla; julkaisee aktiivisesti; maa epävarma"
55,Twisty,https://www.youtube.com/channel/UCwxrrK3jwoRRlSq6IXZt-RQ,NL,varma,nl,184000,26359,30d,0.14,10,1,,,,,,maalista,"katselut vain 14 % tilaajista; kokoluokka osuu; vain yhden maan listalla; julkaisee aktiivisesti"
55,Laylo,https://www.youtube.com/channel/UCGAP0T7txz4kPw8VRgWaJ8A,FR,varma,fr,616000,95452,30d,0.15,3.4,1,,,,,,maalista,"katselut 15 % tilaajista; yli heidän haarukkansa; niche vaatii koneen; vain yhden maan listalla; julkaisee aktiivisesti"
55,Shado,https://www.youtube.com/channel/UCATd4qckBEMT-5rG02X36CA,FR,varma,fr,594000,88991,30d,0.15,10,0,,,,,,maalista,"katselut 15 % tilaajista; yli heidän haarukkansa; niche vaatii koneen; vain yhden maan listalla; julkaisee aktiivisesti"
55,Anna,https://www.youtube.com/channel/UCM0oIMTPOZC1BTU3sP-GsXw,FR,varma,fr,478000,76702,30d,0.16,10,0,,,,,,maalista,"katselut 16 % tilaajista; yli heidän haarukkansa; niche vaatii koneen; vain yhden maan listalla; julkaisee aktiivisesti"
55,Kirpayti !,https://www.youtube.com/channel/UC6KGBu7-1f6Y5XSIPwmGZ2g,,tuntematon,en,5910,54,30d,0.01,0.9,6,,,,,,kommentoija,"katselut vain 1 % tilaajista; niche vaatii koneen; kokoluokka osuu; löytyi kommentoijana (AvengerSpencer); julkaisee aktiivisesti"
55,TheJan,https://www.youtube.com/channel/UCsiLR5HJUddtGKp5sEGL1lA,NL,varma,en,116000,9868,30d,0.09,10,2,,,,,,kommentoija,"katselut vain 9 % tilaajista; kokoluokka osuu; löytyi kommentoijana (BULKHEAD); julkaisee aktiivisesti"
55,SYGUN09,https://www.youtube.com/channel/UCZ7La0AB5-gTYI8haz2pQQw,HU,epävarma,hu,29600,22,30d,0,4.2,2,,,,kyllä,,kommentoija,"kokoluokka osuu; löytyi kommentoijana (SunnCS); julkaisee aktiivisesti; maa epävarma; viitteitä nuoresta yleisöstä"
55,E2ardas,https://www.youtube.com/channel/UCHph421lVtWxplTt64G_HVQ,LT,epävarma,lt,2580,865,90d,0.34,0.5,252,,,,,,kommentoija,"katselut 34 % tilaajista; niche vaatii koneen; alle heidän haarukkansa; löytyi kommentoijana (Edvisss); 252 pv edellisestä videosta; maa epävarma"
55,Lawisek,https://www.youtube.com/channel/UCcfojgLNgFsl_cmYhRd9P3g,PL,varma,pl,1300,1111,90d,0.85,0.1,853,,,,,,kommentoija,"katselut 85 % tilaajista; niche vaatii koneen; alle heidän haarukkansa; löytyi kommentoijana (bociekLS); 853 pv edellisestä videosta"
55,Cattball😻,https://www.youtube.com/channel/UCM2yHhO5NIC-kvYWYlRT_tg,PL,epävarma,pl,516,522,90d,1.01,1,107,,,,,,kommentoija,"katselut 101 % tilaajista; niche vaatii koneen; alle heidän haarukkansa; löytyi kommentoijana (Kałach); 107 pv edellisestä videosta; maa epävarma"
55,HartDynasty,https://www.youtube.com/channel/UCpnAbsZ8acweFSmbS_kMhrw,NL,varma,nl,130000,16367,30d,0.13,4.7,3,,,,,,kommentoija,"katselut vain 13 % tilaajista; kokoluokka osuu; löytyi kommentoijana (Patto); julkaisee aktiivisesti"
55,Musou Gaming channel / 無双ゲームチャンネル,https://www.youtube.com/channel/UC-_TL1HsyTg3UDrAEJsX01w,FR,varma,fr,26200,286,30d,0.01,10,0,,,,,,kommentoija,"katselut vain 1 % tilaajista; kokoluokka osuu; löytyi kommentoijana (Froggy); julkaisee aktiivisesti"
54,Papaplatte Gaming,https://www.youtube.com/channel/UCxdaFKaMlRHtVkBeGygsYTw,DE,varma,de,868000,725768,30d,0.84,8.8,1,,kontakt@new-base.de,,,,maalista,"katselut 84 % tilaajista; yli heidän haarukkansa; vain yhden maan listalla; julkaisee aktiivisesti; yhteystieto kuvauksessa"
53,Gleggmire,https://www.youtube.com/channel/UCgDJZ9c94TFiw83x3wuNcFg,DE,varma,de,339000,244025,30d,0.72,2.4,2,,,,,,maalista,"katselut 72 % tilaajista; yli heidän haarukkansa; niche vaatii koneen; vain yhden maan listalla; julkaisee aktiivisesti"
53,SunnGTA,https://www.youtube.com/channel/UCBMrNSSKUgHm858d-2p9cag,HU,varma,hu,20900,99319,30d,4.75,9.4,0,,,,,,maalista,"katselusuhde 475 % epäilyttävän korkea; niche vaatii koneen; kokoluokka osuu; vain yhden maan listalla; julkaisee aktiivisesti"
53,To Znowu Oni,https://www.youtube.com/channel/UC4FillRPjLsUx1muDZrLw-Q,PL,varma,pl,382000,290879,30d,0.76,3.7,1,,,,,,maalista,"katselut 76 % tilaajista; yli heidän haarukkansa; niche vaatii koneen; vain yhden maan listalla; julkaisee aktiivisesti"
53,StundZow Gaming,https://www.youtube.com/channel/UCbUXiv7ro8Pm8NZkQQjXCMA,FR,varma,fr,942000,579996,30d,0.62,8.3,1,,,,,,maalista,"katselut 62 % tilaajista; yli heidän haarukkansa; niche vaatii koneen; vain yhden maan listalla; julkaisee aktiivisesti"
53,Domingo Replay,https://www.youtube.com/channel/UCfAV0Lg4IPzZyRQq_Nh-5KA,FR,varma,fr,492000,80709,30d,0.16,10,1,,,,,,maalista,"katselut 16 % tilaajista; yli heidän haarukkansa; niche vaatii koneen; vain yhden maan listalla; julkaisee aktiivisesti"
53,CYRILstudio,https://www.youtube.com/channel/UC1MBcoEUxNAMMUWHyoGBIaA,FR,varma,fr,1140000,895261,30d,0.79,3.5,2,,,,,,maalista,"katselut 79 % tilaajista; yli heidän haarukkansa; niche vaatii koneen; vain yhden maan listalla; julkaisee aktiivisesti"
53,NotLeviGTX25,https://www.youtube.com/channel/UCNruFKhr0yROZZnK-iAb-lw,HU,varma,hu,2260,1384,90d,0.61,1.1,197,,,,,,kommentoija,"katselut 61 % tilaajista; niche vaatii koneen; alle heidän haarukkansa; löytyi kommentoijana (SunnCS); 197 pv edellisestä videosta"
52,StanniBunni,https://www.youtube.com/channel/UCBG81qYX4wutfksfR34-90A,DE,varma,de,274000,96227,30d,0.35,10,0,,info@whitecast.de,,,,maalista,"katselut 35 % tilaajista; yli heidän haarukkansa; vain yhden maan listalla; julkaisee aktiivisesti; yhteystieto kuvauksessa"
52,Jugger,https://www.youtube.com/channel/UCNmjqhszRdAoPLY-v6MMFjA,DE,varma,de,448000,240823,30d,0.54,10,0,,jugger@vibesneverdie.com,,,,maalista,"katselut 54 % tilaajista; yli heidän haarukkansa; vain yhden maan listalla; julkaisee aktiivisesti; yhteystieto kuvauksessa"
52,Luczek Roblox,https://www.youtube.com/channel/UChiPTtUwLxeT67WFbpHXKKA,PL,varma,pl,293000,55230,30d,0.19,10,1,,luczek.reklama@gmail.com,,,,maalista,"katselut 19 % tilaajista; yli heidän haarukkansa; vain yhden maan listalla; julkaisee aktiivisesti; yhteystieto kuvauksessa"
52,Też Ercio!,https://www.youtube.com/channel/UC3lHrYNNZN5xZSZOUMP_H2g,PL,varma,pl,251000,72944,30d,0.29,10,0,,tezercio@gmail.com,,kyllä,,maalista,"katselut 29 % tilaajista; yli heidän haarukkansa; vain yhden maan listalla; julkaisee aktiivisesti; yhteystieto kuvauksessa; viitteitä nuoresta yleisöstä"
52,Kwarcu77,https://www.youtube.com/channel/UCcj0zNH7hNhlsFVBWN_K2Ng,PL,varma,pl,95200,193111,30d,2.03,10,1,,kwarcu@bloxmedia.net,,,,maalista,"katselusuhde 203 % epäilyttävän korkea; kokoluokka osuu; vain yhden maan listalla; julkaisee aktiivisesti; yhteystieto kuvauksessa"
52,Osuch,https://www.youtube.com/channel/UCR1f2TZvlO3LTumzEW9oxOA,PL,varma,pl,601000,227408,30d,0.38,10,1,,osuch.kontakt@gmail.com,,,,maalista,"katselut 38 % tilaajista; yli heidän haarukkansa; vain yhden maan listalla; julkaisee aktiivisesti; yhteystieto kuvauksessa"
52,Kevko Gaming,https://www.youtube.com/channel/UCdAjfB1J-wm_2xR61NhtFYQ,FR,varma,fr,304000,171737,30d,0.56,10,0,,partenariats@kevko.fr,,,,maalista,"katselut 56 % tilaajista; yli heidän haarukkansa; vain yhden maan listalla; julkaisee aktiivisesti; yhteystieto kuvauksessa"
50,Cornelius,https://www.youtube.com/channel/UCsNqARlZk9nv40opnPpVwrw,DE,varma,de,323000,292808,30d,0.91,1.4,1,,cornelius@prettynasty.de,,,,maalista,"katselut 91 % tilaajista; yli heidän haarukkansa; vain yhden maan listalla; julkaisee aktiivisesti; yhteystieto kuvauksessa"
50,DerHansus,https://www.youtube.com/channel/UCKH_HjglbGGto1Nc0-6-lbA,DE,varma,de,526000,148255,30d,0.28,10,0,,hello@athletia.net,,,,maalista,"katselut 28 % tilaajista; yli heidän haarukkansa; vain yhden maan listalla; julkaisee aktiivisesti; yhteystieto kuvauksessa"
50,GamerBrother,https://www.youtube.com/channel/UC6y2ZFjZqFsH2y2B01DL2Jw,DE,varma,de,1150000,176254,30d,0.15,10,0,,gamerbrother@fairplay-management.de,,,,maalista,"katselut 15 % tilaajista; yli heidän haarukkansa; vain yhden maan listalla; julkaisee aktiivisesti; yhteystieto kuvauksessa"
50,marcoscm,https://www.youtube.com/channel/UCLv9iReydP8nFSjD5XCI1YA,DE,varma,de,510000,184548,30d,0.36,10,0,,marcoscm@ins.gg,,,,maalista,"katselut 36 % tilaajista; yli heidän haarukkansa; vain yhden maan listalla; julkaisee aktiivisesti; yhteystieto kuvauksessa"
50,ZeboPL,https://www.youtube.com/channel/UCsmh4UF_PaQRqQcLPXk39Zg,PL,varma,pl,1740000,293311,30d,0.17,10,1,,zebo@stormmedia.gg,,,,maalista,"katselut 17 % tilaajista; yli heidän haarukkansa; vain yhden maan listalla; julkaisee aktiivisesti; yhteystieto kuvauksessa"
50,Skrimi,https://www.youtube.com/channel/UCiJ9cC9-PE6AmcVgdglTQcg,PL,varma,pl,786000,120116,30d,0.15,10,1,,skrimiofficial@gmail.com,,,,maalista,"katselut 15 % tilaajista; yli heidän haarukkansa; vain yhden maan listalla; julkaisee aktiivisesti; yhteystieto kuvauksessa"
50,Vandiril,https://www.youtube.com/channel/UCZ-oWkpMnHjTJpeOOlD80OA,PL,varma,en,1050000,454652,30d,0.43,8,1,,vandiril88@gmail.com,,,,maalista,"katselut 43 % tilaajista; yli heidän haarukkansa; vain yhden maan listalla; julkaisee aktiivisesti; yhteystieto kuvauksessa"
50,Skinra,https://www.youtube.com/channel/UCR9Bn65lgdaSETIP-4ZAOMQ,FR,varma,fr,681000,185157,30d,0.27,8.5,0,,skinra@thenode.gg,,,,maalista,"katselut 27 % tilaajista; yli heidän haarukkansa; vain yhden maan listalla; julkaisee aktiivisesti; yhteystieto kuvauksessa"
50,TheRussianBadger,https://www.youtube.com/channel/UCWzLmNWhgeh3h1j-M-Isy0g,DK,epävarma,en,8350000,2834603,30d,0.34,0.8,4,,talktobadger@gmail.com,,,,maalista,"katselut 34 % tilaajista; yli heidän haarukkansa; vain yhden maan listalla; julkaisee aktiivisesti; yhteystieto kuvauksessa; maa epävarma"
50,JudeLow,https://www.youtube.com/channel/UC2gufCjSyNihNbOEZE50bwQ,,tuntematon,en,2360000,1845879,30d,0.78,10,2,,Judelow@night.co,,,,kommentoija,"katselut 78 % tilaajista; yli heidän haarukkansa; niche vaatii koneen; löytyi kommentoijana (AvengerSpencer); julkaisee aktiivisesti; yhteystieto kuvauksessa"
50,supersolenoid,https://www.youtube.com/channel/UCiRuEG-Kk3bAhaAJQOW7JHg,,tuntematon,en,6660,5449,90d,0.82,0.1,1077,,,,,,kommentoija,"katselut 82 % tilaajista; kokoluokka osuu; löytyi kommentoijana (Bigbillygames); 1077 pv edellisestä videosta"
50,Karim World,https://www.youtube.com/channel/UC_0Aa3c8bDPKZQ4A5dIwNgg,SE,epävarma,sv,782,26,30d,0.03,6.4,3,,,,,,kommentoija,"katselut vain 3 % tilaajista; niche vaatii koneen; alle heidän haarukkansa; löytyi kommentoijana (Supersagor); julkaisee aktiivisesti; maa epävarma"
50,Manny Manifold,https://www.youtube.com/channel/UC6eyWqhX9vK6hGQRrR-qItw,SE,varma,sv,613,24,30d,0.04,1.1,14,,,,,,kommentoija,"katselut vain 4 % tilaajista; niche vaatii koneen; alle heidän haarukkansa; löytyi kommentoijana (Olle Mcdulle); julkaisee aktiivisesti"
50,NebeLStimmung,https://www.youtube.com/channel/UC74Yh4ZteIizIoOXg6bJwSw,DE,varma,de,628,52,30d,0.08,0.3,2,,,,,,kommentoija,"katselut vain 8 % tilaajista; niche vaatii koneen; alle heidän haarukkansa; löytyi kommentoijana (Jodarum Uncut); julkaisee aktiivisesti"
50,Imrhe,https://www.youtube.com/channel/UC9zyOjOwrEekfKScVkP6_Gw,HU,epävarma,hu,768,19,30d,0.02,10,1,,,,,,kommentoija,"katselut vain 2 % tilaajista; niche vaatii koneen; alle heidän haarukkansa; löytyi kommentoijana (SunnGTA); julkaisee aktiivisesti; maa epävarma"
50,𝗥𝗢𝗩𝗜𝗫💠,https://www.youtube.com/channel/UClgarkv_9vQ0ZHJzSvlPnEg,HU,epävarma,hu,570,55,30d,0.1,10,1,,,,,,kommentoija,"katselut vain 10 % tilaajista; niche vaatii koneen; alle heidän haarukkansa; löytyi kommentoijana (BanterBlox); julkaisee aktiivisesti; maa epävarma"
50,hollowshadow1544,https://www.youtube.com/channel/UCwOUITrKWk3B0tvnGrVY9ZQ,,tuntematon,en,4980,2861,90d,0.57,0.1,473,,,,,,kommentoija,"katselut 57 % tilaajista; kokoluokka osuu; löytyi kommentoijana (ARC Raiders); 473 pv edellisestä videosta"
50,Saymeon,https://www.youtube.com/channel/UCGzGynsQj8ieYoybMoFyw9g,PL,varma,pl,45700,6026,30d,0.13,6.1,15,,saymeon@stormmedia.gg,,,,kommentoija,"katselut vain 13 % tilaajista; kokoluokka osuu; löytyi kommentoijana (RafciuSA); yhteystieto kuvauksessa"
50,Ftr,https://www.youtube.com/channel/UCv5mJcA0oT-jjjxSKWHfC-Q,FR,epävarma,fr,650,19,90d,0.03,0.9,86,,,kyllä,,,kommentoija,"katselut vain 3 % tilaajista; puhuu laitteistosta; alle heidän haarukkansa; löytyi kommentoijana (Karmine Corp Replay); maa epävarma"
47,Werka Aferka,https://www.youtube.com/channel/UCdojYcgHh4FWDJynoYMBzMg,PL,varma,pl,759000,135144,30d,0.18,10,0,,,,,,maalista,"katselut 18 % tilaajista; yli heidän haarukkansa; vain yhden maan listalla; julkaisee aktiivisesti"
47,BANDA BANAN,https://www.youtube.com/channel/UCenDAZVPvUo9TCRCaAEMRWg,PL,varma,pl,256000,78399,30d,0.31,4.6,2,,,,,,maalista,"katselut 31 % tilaajista; yli heidän haarukkansa; vain yhden maan listalla; julkaisee aktiivisesti"
47,Maja,https://www.youtube.com/channel/UCAZUK8tC0z8Vhkfa7wSoTug,PL,varma,pl,641000,219916,30d,0.34,10,0,,,,,,maalista,"katselut 34 % tilaajista; yli heidän haarukkansa; vain yhden maan listalla; julkaisee aktiivisesti"
47,MAXOUEL bawb ,https://www.youtube.com/channel/UCsu9CY4K8XJFTikPkGSxdyQ,FR,varma,fr,311000,148247,30d,0.48,10,1,,,,,,maalista,"katselut 48 % tilaajista; yli heidän haarukkansa; vain yhden maan listalla; julkaisee aktiivisesti"
47,BeOnePourcent,https://www.youtube.com/channel/UC7OOFBB8Q5pjlJ0OFZZNx7w,FR,varma,fr,705000,111032,30d,0.16,10,1,,,,,,maalista,"katselut 16 % tilaajista; yli heidän haarukkansa; vain yhden maan listalla; julkaisee aktiivisesti"
47,pedro,https://www.youtube.com/channel/UCNPG2AZMhjwIkyrUOBDNbsA,HU,epävarma,hu,523,761,90d,1.46,1.5,174,,,,,,kommentoija,"katselut 146 % tilaajista; alle heidän haarukkansa; löytyi kommentoijana (SunnGTA); 174 pv edellisestä videosta; maa epävarma"
47,Agro kacper,https://www.youtube.com/channel/UCVy3ljf1sP1Mfwel4pT9HEA,PL,epävarma,pl,516,844,90d,1.64,0.4,560,,,,kyllä,,kommentoija,"katselut 164 % tilaajista; alle heidän haarukkansa; löytyi kommentoijana (bociekLS); 560 pv edellisestä videosta; maa epävarma; viitteitä nuoresta yleisöstä"
45,ohnepixel raw,https://www.youtube.com/channel/UCWX7tzz1JJVc2Usx0BRn1Cg,DE,varma,en,1130000,175292,30d,0.16,10,0,,,,,,maalista,"katselut 16 % tilaajista; yli heidän haarukkansa; niche vaatii koneen; julkaisee aktiivisesti"
45,SemiAbi7,https://www.youtube.com/channel/UCDX9WGBO_uNTigUOUjxCwEQ,DE,varma,de,323000,93617,30d,0.29,10,1,,,,kyllä,,maalista,"katselut 29 % tilaajista; yli heidän haarukkansa; vain yhden maan listalla; julkaisee aktiivisesti; viitteitä nuoresta yleisöstä"
45,HandOfUncut,https://www.youtube.com/channel/UCCJ-NJtqLQRxuaxHZA9q6zg,DE,varma,de,1460000,340292,30d,0.23,10,1,,,,,,maalista,"katselut 23 % tilaajista; yli heidän haarukkansa; vain yhden maan listalla; julkaisee aktiivisesti"
45,TheVR Gaming+,https://www.youtube.com/channel/UCSFMCn1xtj_4kOy6KNK_fNg,HU,varma,hu,624000,205362,30d,0.33,10,1,,,,,,maalista,"katselut 33 % tilaajista; yli heidän haarukkansa; vain yhden maan listalla; julkaisee aktiivisesti"
45,LEC,https://www.youtube.com/channel/UCWWZjhmokTbezUQr1kbbEYQ,LT,epävarma,en,427000,101109,30d,0.24,10,1,,,,,,maalista,"katselut 24 % tilaajista; yli heidän haarukkansa; vain yhden maan listalla; julkaisee aktiivisesti; maa epävarma"
45,Kajetan 'Koza Sport' Kaźmierski,https://www.youtube.com/channel/UCHIsdgPBzV7BGx_Bv5gCn3A,PL,varma,pl,562000,120477,30d,0.21,10,0,,,,,,maalista,"katselut 21 % tilaajista; yli heidän haarukkansa; vain yhden maan listalla; julkaisee aktiivisesti"
45,Alvin,https://www.youtube.com/channel/UCXYD_ztq-z7_Q5b15BiV_bg,PL,varma,pl,383000,121884,30d,0.32,10,1,,,,,,maalista,"katselut 32 % tilaajista; yli heidän haarukkansa; vain yhden maan listalla; julkaisee aktiivisesti"
45,Royalistiq,https://www.youtube.com/channel/UC6UTBWQJOvtGIjdBcC7WwPw,NL,varma,nl,1040000,60002,30d,0.06,10,1,,,kyllä,,,maalista,"katselut vain 6 % tilaajista; puhuu laitteistosta; yli heidän haarukkansa; niche vaatii koneen; vain yhden maan listalla; julkaisee aktiivisesti"
45,Bankzitters,https://www.youtube.com/channel/UC72_FRBE63kbHDYeKgc5HDg,NL,varma,nl,1340000,1344661,30d,1,10,0,,,,,,maalista,"katselut 100 % tilaajista; yli heidän haarukkansa; vain yhden maan listalla; julkaisee aktiivisesti"
45,FC Roelie,https://www.youtube.com/channel/UClpGjlWjyEXXFHY06FA5vaw,NL,varma,nl,306000,331873,30d,1.08,1.1,3,,,,,,maalista,"katselut 108 % tilaajista; yli heidän haarukkansa; vain yhden maan listalla; julkaisee aktiivisesti"
45,Squeezie - Rediffusions,https://www.youtube.com/channel/UC7_THngP20pzk5VRHNKDvtg,FR,varma,fr,882000,370493,30d,0.42,5.1,2,,,,,,maalista,"katselut 42 % tilaajista; yli heidän haarukkansa; vain yhden maan listalla; julkaisee aktiivisesti"
45,LeaseTV+,https://www.youtube.com/channel/UCf69fmvvr0Kgndq-XiV-bPw,FR,varma,fr,18200,55436,30d,3.05,9.6,1,,,,,,maalista,"katselusuhde 305 % epäilyttävän korkea; kokoluokka osuu; vain yhden maan listalla; julkaisee aktiivisesti"
45,ENCORE UN AUTRE ALEXANGA,https://www.youtube.com/channel/UCrooFERULP1m5AAFUKbx8Lw,FR,varma,fr,488000,153520,30d,0.31,10,1,,,,,,maalista,"katselut 31 % tilaajista; yli heidän haarukkansa; vain yhden maan listalla; julkaisee aktiivisesti"
45,الخازوق براول ستارز ,https://www.youtube.com/channel/UClrMMGU90b5XXVKfg0nJ1NQ,,tuntematon,en,17000,818,30d,0.05,1.7,1,,,,,,kommentoija,"katselut vain 5 % tilaajista; kokoluokka osuu; löytyi kommentoijana (TrickLIVE); julkaisee aktiivisesti"
45,hydtᴊαz,https://www.youtube.com/channel/UCsjsENjuDdsnxwIi6bqE0wg,,tuntematon,en,1270,529,90d,0.42,0.4,275,,,,kyllä,,kommentoija,"katselut 42 % tilaajista; niche vaatii koneen; alle heidän haarukkansa; löytyi kommentoijana (AvengerSpencer); 275 pv edellisestä videosta; viitteitä nuoresta yleisöstä"
45,suberboi,https://www.youtube.com/channel/UCigeSMU_9ip1XljY5s3LYIw,,tuntematon,en,6080,6,30d,0,4.6,0,,,,,,kommentoija,"kokoluokka osuu; löytyi kommentoijana (AvengerSpencer); julkaisee aktiivisesti"
45,Luukas V,https://www.youtube.com/channel/UCmzyyZ8_8OiRGu7CEyJQztg,FI,epävarma,fi,1610,2092,90d,1.3,0.5,371,,,,,,kommentoija,"katselut 130 % tilaajista; alle heidän haarukkansa; löytyi kommentoijana (MrRockis); 371 pv edellisestä videosta; maa epävarma"
45,Luna Wolve,https://www.youtube.com/channel/UCT1vJhLAMNwWX1501Jn6dTQ,DE,varma,en,3500,3936,90d,1.12,0.1,2083,,,,,,kommentoija,"katselut 112 % tilaajista; alle heidän haarukkansa; löytyi kommentoijana (Nooblet); 2083 pv edellisestä videosta"
45,Barci,https://www.youtube.com/channel/UCiy-Kbl4kC7fc9KIFJ-r0Ig,DE,epävarma,de,818,754,90d,0.92,0.2,1346,,,,,,kommentoija,"katselut 92 % tilaajista; alle heidän haarukkansa; löytyi kommentoijana (Goggy); 1346 pv edellisestä videosta; maa epävarma"
45,Paul FoxAnimator,https://www.youtube.com/channel/UC-D_ugcG6naksHonWCstnFA,DE,epävarma,de,956,398,90d,0.42,0.3,138,,,,,,kommentoija,"katselut 42 % tilaajista; alle heidän haarukkansa; löytyi kommentoijana (Jodarum Uncut); 138 pv edellisestä videosta; maa epävarma"
45,346RECORDS ,https://www.youtube.com/channel/UC3ikLhZtKOviylvoZLsLnMg,DE,epävarma,de,918,1074,90d,1.17,0.5,165,,,,,,kommentoija,"katselut 117 % tilaajista; alle heidän haarukkansa; löytyi kommentoijana (Rohaze); 165 pv edellisestä videosta; maa epävarma"
45,Kapixonekkyt_official,https://www.youtube.com/channel/UCic260I9th-veNidotOOcdA,PL,epävarma,pl,1660,616,90d,0.37,0.6,472,,,,,,kommentoija,"katselut 37 % tilaajista; alle heidän haarukkansa; löytyi kommentoijana (Ptyś); 472 pv edellisestä videosta; maa epävarma"
45,Bambino,https://www.youtube.com/channel/UCfAneB3LjbYk-v2jx56dX9g,PL,varma,pl,1060,774,90d,0.73,0.1,2079,,,,,,kommentoija,"katselut 73 % tilaajista; alle heidän haarukkansa; löytyi kommentoijana (RafciuSA); 2079 pv edellisestä videosta"
45,Alik3310,https://www.youtube.com/channel/UCUzH8eNDHkai_8NoM_YLR1Q,PL,epävarma,pl,4600,39,90d,0.01,3.5,50,,,,,,kommentoija,"katselut vain 1 % tilaajista; kokoluokka osuu; löytyi kommentoijana (RafciuSA); maa epävarma"
45,Pikoloz,https://www.youtube.com/channel/UCRD_B82HZIRml_1fy0rh5Xg,PL,varma,pl,3820,2974,90d,0.78,1.1,112,,,,kyllä,,kommentoija,"katselut 78 % tilaajista; alle heidän haarukkansa; löytyi kommentoijana (RafciuSA); 112 pv edellisestä videosta; viitteitä nuoresta yleisöstä"
45,AgroSadoś,https://www.youtube.com/channel/UCpd2QcecWuitrqw5am3BSvw,PL,varma,pl,1450,2660,90d,1.83,0.7,345,,,,,,kommentoija,"katselut 183 % tilaajista; alle heidän haarukkansa; löytyi kommentoijana (bociekLS); 345 pv edellisestä videosta"
45,Shaggy3P ツ,https://www.youtube.com/channel/UCs4UXxZFxUafl4SI9KptVpQ,PL,varma,pl,1290,1919,90d,1.49,0.2,359,,,,,,kommentoija,"katselut 149 % tilaajista; alle heidän haarukkansa; löytyi kommentoijana (bociekLS); 359 pv edellisestä videosta"
45,Agro_mikołaj,https://www.youtube.com/channel/UC1r21lnYFc27cpWNuqjV22Q,PL,epävarma,pl,5610,72609,30d,12.94,4.1,7,,,,,,kommentoija,"katselusuhde 1294 % epäilyttävän korkea; kokoluokka osuu; löytyi kommentoijana (bociekLS); julkaisee aktiivisesti; maa epävarma"
45,Tobiasz467,https://www.youtube.com/channel/UCDTimjcqg8DNk9xi8oOi53w,PL,epävarma,pl,2300,1418,90d,0.62,0.6,118,,,,,,kommentoija,"katselut 62 % tilaajista; alle heidän haarukkansa; löytyi kommentoijana (bociekLS); 118 pv edellisestä videosta; maa epävarma"
45,Jeremy,https://www.youtube.com/channel/UCQAjW1DcO-f-yZckCBhBLwg,PL,varma,pl,1550,625,90d,0.4,1,94,,,,,,kommentoija,"katselut 40 % tilaajista; alle heidän haarukkansa; löytyi kommentoijana (Gucio); 94 pv edellisestä videosta"
45,PhillipsSejeVerden,https://www.youtube.com/channel/UCodxkiTPGlJ9ruR4RBzR7vw,DK,varma,da,1260,602,90d,0.48,1.7,91,,,,,,kommentoija,"katselut 48 % tilaajista; alle heidän haarukkansa; löytyi kommentoijana (Johnni Gade Gaming); 91 pv edellisestä videosta"
45,Nightwing.,https://www.youtube.com/channel/UCTMPQDlfHNsQbxzj3sqOE9w,DK,varma,da,10200,1348,90d,0.13,0.1,68,,,,,,kommentoija,"katselut vain 13 % tilaajista; kokoluokka osuu; löytyi kommentoijana (Johnni Gade Gaming)"
45,i cant skate 👌🏻,https://www.youtube.com/channel/UCi0nXUw1sM3j7jdq7AI8e3Q,NL,epävarma,nl,1620,1711,90d,1.06,0.4,613,,,,,,kommentoija,"katselut 106 % tilaajista; alle heidän haarukkansa; löytyi kommentoijana (Jeremy Frieser 2); 613 pv edellisestä videosta; maa epävarma"
45,Bassistent,https://www.youtube.com/channel/UC6cl1diNLhZcA1E17MAz3iQ,NL,epävarma,nl,174000,2732,30d,0.02,1,17,,,,,,kommentoija,"katselut vain 2 % tilaajista; kokoluokka osuu; löytyi kommentoijana (DonKaaklijn); maa epävarma"
45,Kaluno,https://www.youtube.com/channel/UCDZBBae6zXdrPtmbZ5wilyA,NL,varma,nl,5160,13475,30d,2.61,3.9,4,,,,kyllä,,kommentoija,"katselusuhde 261 % epäilyttävän korkea; kokoluokka osuu; löytyi kommentoijana (Dani Visser); julkaisee aktiivisesti; viitteitä nuoresta yleisöstä"
45,namelessmask,https://www.youtube.com/channel/UC3liNTuMQ4Xf_OVDZbnirrQ,FR,varma,fr,2140,513,90d,0.24,0.3,448,,,,,,kommentoija,"katselut 24 % tilaajista; alle heidän haarukkansa; löytyi kommentoijana (LeaseTV+); 448 pv edellisestä videosta"
45,Sartek 2507,https://www.youtube.com/channel/UCJJT7qZg84VC-MdBp3dsQFw,FR,epävarma,fr,1020,287,90d,0.28,0.1,3005,,,,,,kommentoija,"katselut 28 % tilaajista; alle heidän haarukkansa; löytyi kommentoijana (Froggy); 3005 pv edellisestä videosta; maa epävarma"
44,EliasN97,https://www.youtube.com/channel/UCW6SLCuRXuUFWbQH563D0Hw,DE,varma,de,1670000,335508,30d,0.2,10,0,,hello@athletia.net,,,,maalista,"katselut 20 % tilaajista; yli heidän haarukkansa; niche ei vaadi konetta; vain yhden maan listalla; julkaisee aktiivisesti; yhteystieto kuvauksessa"
44,YoongSeung,https://www.youtube.com/channel/UCapPuyG1pkjsF-kgTFoe_zw,,tuntematon,en,1020,224,90d,0.22,1.1,90,,,,,,kommentoija,"katselut 22 % tilaajista; niche ei vaadi konetta; alle heidän haarukkansa; löytyi kommentoijana (TrickLIVE)"
44,Wiis Gaming ,https://www.youtube.com/channel/UCNOj5zPei56cCPtSKhA5gXg,DK,varma,da,3220,204,30d,0.06,10,1,,,,,,kommentoija,"katselut vain 6 % tilaajista; alle heidän haarukkansa; löytyi kommentoijana (Johnni Gade Gaming); julkaisee aktiivisesti"
43,Anomaly,https://www.youtube.com/channel/UCcqsx0NjdN3Ng9Nd8VSOlXg,SE,varma,en,3350000,554937,30d,0.17,3.2,3,,,,,,maalista,"katselut 17 % tilaajista; yli heidän haarukkansa; niche vaatii koneen; julkaisee aktiivisesti"
43,ohnepixel,https://www.youtube.com/channel/UC3ti8PjJczdDKHSwk7TESkw,DE,varma,en,1160000,380975,30d,0.33,10,1,,,,,,maalista,"katselut 33 % tilaajista; yli heidän haarukkansa; niche vaatii koneen; julkaisee aktiivisesti"
43,Stark Panzer,https://www.youtube.com/channel/UC-NKm49KlQcbVSSr0O2CLzA,HU,varma,hu,346000,25724,30d,0.07,10,0,,,kyllä,,,maalista,"katselut vain 7 % tilaajista; puhuu laitteistosta; yli heidän haarukkansa; niche vaatii koneen; vain yhden maan listalla; julkaisee aktiivisesti"
42,lijos_lps,https://www.youtube.com/channel/UClGMKwHORheVcx-Eq_71OXw,PL,epävarma,pl,3260,433,30d,0.13,10,4,,,,,,kommentoija,"katselut vain 13 % tilaajista; alle heidän haarukkansa; löytyi kommentoijana (Leon); julkaisee aktiivisesti; maa epävarma"
40,Calcutin,https://www.youtube.com/channel/UC60y5kItQYJi1jN2N-IusOg,FI,varma,fi,3050,22933,30d,7.52,5.6,13,,,,,,kommentoija,"katselusuhde 752 % epäilyttävän korkea; niche vaatii koneen; alle heidän haarukkansa; löytyi kommentoijana (MrRockis); julkaisee aktiivisesti"
40,Ollipok,https://www.youtube.com/channel/UCG5h9lVemccMx0ptVIKXvuQ,FI,varma,fi,1130,9735,30d,8.62,2.4,8,,,,,,kommentoija,"katselusuhde 862 % epäilyttävän korkea; niche vaatii koneen; alle heidän haarukkansa; löytyi kommentoijana (MrRockis); julkaisee aktiivisesti"
40,Benutzername,https://www.youtube.com/channel/UC2inQ9FtqaP2DP74oqmE23A,DE,varma,de,510,51,30d,0.1,10,0,,,,,,kommentoija,"katselut vain 10 % tilaajista; alle heidän haarukkansa; löytyi kommentoijana (Jodarum Uncut); julkaisee aktiivisesti"
40,Jezus14-_-,https://www.youtube.com/channel/UC7iyMPCkclqzAxXQ7umKj9w,HU,epävarma,hu,2290,303,30d,0.13,7.3,3,,,,,,kommentoija,"katselut vain 13 % tilaajista; alle heidän haarukkansa; löytyi kommentoijana (Alfap2w); julkaisee aktiivisesti; maa epävarma"
40,TV Terenia,https://www.youtube.com/channel/UCVHqSrTzTStB1WL00EOxJXw,PL,varma,pl,1810,33,30d,0.02,10,14,,,,,,kommentoija,"katselut vain 2 % tilaajista; alle heidän haarukkansa; löytyi kommentoijana (Leon Roblox); julkaisee aktiivisesti"
40,◌Tata i LiLA◌,https://www.youtube.com/channel/UCtZEfSWl_zfuNNyOIn4zB6g,PL,varma,pl,1060,8,30d,0.01,10,0,,,,,,kommentoija,"katselut vain 1 % tilaajista; alle heidän haarukkansa; löytyi kommentoijana (Leon); julkaisee aktiivisesti"
40,Karol Pruban,https://www.youtube.com/channel/UCKrfGtJCdJ_MUVcYjdZ8rkg,PL,epävarma,pl,839,0,30d,0,3.9,3,,,,,,kommentoija,"alle heidän haarukkansa; löytyi kommentoijana (Leon); julkaisee aktiivisesti; maa epävarma"
40,Vexoshortz,https://www.youtube.com/channel/UCEIoyx9JotG4qLf6dUNyljA,NL,epävarma,nl,1720,91,30d,0.05,3.2,1,,,,kyllä,,kommentoija,"katselut vain 5 % tilaajista; alle heidän haarukkansa; löytyi kommentoijana (Twisty); julkaisee aktiivisesti; maa epävarma; viitteitä nuoresta yleisöstä"
40,#jdmcarloverNL,https://www.youtube.com/channel/UCSj16gj21mFLok0eTywZaXQ,NL,epävarma,nl,657,2,30d,0,10,0,,,,,,kommentoija,"alle heidän haarukkansa; löytyi kommentoijana (Twisty); julkaisee aktiivisesti; maa epävarma"
40,congo ya sika,https://www.youtube.com/channel/UCn8tCcTWP1kUZgCzDn2WPgA,FR,epävarma,fr,1120,5,30d,0,10,1,,,,,,kommentoija,"alle heidän haarukkansa; löytyi kommentoijana (Beone TV); julkaisee aktiivisesti; maa epävarma"
39,SecondTry,https://www.youtube.com/channel/UCkeWXiGjQPK972Bx_t9e5Ug,DE,varma,de,734000,164419,30d,0.22,10,0,,,,,,maalista,"katselut 22 % tilaajista; yli heidän haarukkansa; niche ei vaadi konetta; vain yhden maan listalla; julkaisee aktiivisesti"
38,slizzvlr,https://www.youtube.com/channel/UCJXnqV65a0wVlcm0H19mGIA,FR,varma,fr,1070,11651,30d,10.89,4.6,8,,,,,,kommentoija,"katselusuhde 1089 % epäilyttävän korkea; niche vaatii koneen; alle heidän haarukkansa; löytyi kommentoijana (LeaseTV+); julkaisee aktiivisesti"
37,Xitical,https://www.youtube.com/channel/UCm2_OMdXmLkpnasSQHnZLxw,,tuntematon,en,2040,1948,90d,0.95,0.4,294,,,,,,kommentoija,"katselut 95 % tilaajista; alle heidän haarukkansa; löytyi kommentoijana (TrickLIVE); 294 pv edellisestä videosta"
35,Thebausffs,https://www.youtube.com/channel/UCu7ODDeIZ4x1rJwM1LCVL8w,SE,varma,en,1100000,968418,30d,0.88,10,1,,,,kyllä,,maalista,"katselut 88 % tilaajista; yli heidän haarukkansa; julkaisee aktiivisesti; viitteitä nuoresta yleisöstä"
35,Wemmbu,https://www.youtube.com/channel/UCkzzNLnuM-VsATWC53ehwOQ,,tuntematon,en,4640000,8256691,30d,1.78,2,7,,,,,,maalista,"katselut 178 % tilaajista; yli heidän haarukkansa; niche vaatii koneen; julkaisee aktiivisesti"
35,zatexdoom,https://www.youtube.com/channel/UCooJeLH1t4Azpfaeobpz5lA,,tuntematon,en,5380,451,30d,0.08,1.6,28,,,,,,kommentoija,"katselut vain 8 % tilaajista; kokoluokka osuu; löytyi kommentoijana (TrickLIVE)"
35,Phil,https://www.youtube.com/channel/UCrQ4dd6KKMqDufqkp5PejDg,,tuntematon,en,719,834,90d,1.16,0.1,3477,,,,,,kommentoija,"katselut 116 % tilaajista; alle heidän haarukkansa; löytyi kommentoijana (AvengerSpencer); 3477 pv edellisestä videosta"
35,Saphiros,https://www.youtube.com/channel/UCu-IgGLpPWNDtVrXOXDzF3g,,tuntematon,en,511,87,90d,0.17,0.1,577,,,,,,kommentoija,"katselut 17 % tilaajista; alle heidän haarukkansa; löytyi kommentoijana (Nooblet); 577 pv edellisestä videosta"
35,Game Crunch Daily,https://www.youtube.com/channel/UCTHTVHIihbGXXa-JHZ4RqYg,,tuntematon,en,1050,1048,90d,1,0.5,470,,,,,,kommentoija,"katselut 100 % tilaajista; alle heidän haarukkansa; löytyi kommentoijana (WillE); 470 pv edellisestä videosta"
34,ExtremeSpe98,https://www.youtube.com/channel/UCVDiBeJb7ug63AgJCq5Zltw,PL,varma,en,1260,63,30d,0.05,2.2,1,,,,,,kommentoija,"katselut vain 5 % tilaajista; niche ei vaadi konetta; alle heidän haarukkansa; löytyi kommentoijana (TrickLIVE); julkaisee aktiivisesti"
34,PlayerXLive,https://www.youtube.com/channel/UCuw4JAMnqoAL0QAeUiuQawA,,tuntematon,en,5700,14405,30d,2.53,4.5,9,,playerxgaming6@gmail.com,,,,kommentoija,"katselusuhde 253 % epäilyttävän korkea; niche ei vaadi konetta; kokoluokka osuu; löytyi kommentoijana (ARC Raiders); julkaisee aktiivisesti; yhteystieto kuvauksessa"
34,ANANAS-ZETOR ,https://www.youtube.com/channel/UCiOumBq6WagMHD9VN9LjvZw,PL,epävarma,pl,1550,23301,30d,15.03,10,5,,,,,,kommentoija,"katselusuhde 1503 % epäilyttävän korkea; alle heidän haarukkansa; löytyi kommentoijana (bociekLS); julkaisee aktiivisesti; maa epävarma"
32,Philipp spielt Roblox,https://www.youtube.com/channel/UCwHxp2IG38mYkzp0cozr7Zw,DE,varma,de,563,1308,30d,2.32,10,0,,,,,,kommentoija,"katselusuhde 232 % epäilyttävän korkea; alle heidän haarukkansa; löytyi kommentoijana (Mehr Fabiano); julkaisee aktiivisesti"
32,Taki,https://www.youtube.com/channel/UCZoRmAJXwI8ZPO97jsa4DtA,HU,epävarma,hu,1190,4164,30d,3.5,10,0,,,,,,kommentoija,"katselusuhde 350 % epäilyttävän korkea; alle heidän haarukkansa; löytyi kommentoijana (Alfap2w); julkaisee aktiivisesti; maa epävarma"
32,zly,https://www.youtube.com/channel/UCQtZOTj41bmImTUr-RBawxA,HU,varma,hu,1560,4486,30d,2.88,5,1,,,,,,kommentoija,"katselusuhde 288 % epäilyttävän korkea; alle heidän haarukkansa; löytyi kommentoijana (Alfap2w); julkaisee aktiivisesti"
32,ALANYT_ROBLOX,https://www.youtube.com/channel/UC6hvPbNS4S4Xz1glfy-B4_w,PL,epävarma,pl,1060,4785,30d,4.51,10,2,,,,,,kommentoija,"katselusuhde 451 % epäilyttävän korkea; alle heidän haarukkansa; löytyi kommentoijana (Kwarcu77); julkaisee aktiivisesti; maa epävarma"
32,SMMOK Crew PL,https://www.youtube.com/channel/UCbAfWumhzJLODLT6jRxwoiw,PL,epävarma,pl,938,4,90d,0,1.2,37,,,,,,kommentoija,"alle heidän haarukkansa; löytyi kommentoijana (RafciuSA); maa epävarma"
30,LumeXx,https://www.youtube.com/channel/UCgmIEtK4RVUDLN8z4ZHtTTA,DE,varma,de,1310000,128598,30d,0.1,10,0,,lumexx@lunyone.de,,,,maalista,"katselut vain 10 % tilaajista; yli heidän haarukkansa; niche vaatii koneen; vain yhden maan listalla; julkaisee aktiivisesti; yhteystieto kuvauksessa"
30,iCrimax,https://www.youtube.com/channel/UCaR5mgH9aZkswPQtjZ4DktA,DE,varma,de,4320000,254401,30d,0.06,10,0,,icrimax@whitecast.de,,,,maalista,"katselut vain 6 % tilaajista; yli heidän haarukkansa; niche vaatii koneen; vain yhden maan listalla; julkaisee aktiivisesti; yhteystieto kuvauksessa"
30,Ukri,https://www.youtube.com/channel/UCDa_A867HXYj0MElQ5rHLXQ,DE,varma,de,603000,65454,30d,0.11,10,0,,ukri@inflyzed.com,,,,maalista,"katselut vain 11 % tilaajista; yli heidän haarukkansa; niche vaatii koneen; vain yhden maan listalla; julkaisee aktiivisesti; yhteystieto kuvauksessa"
30,Gergo Janosik,https://www.youtube.com/channel/UCS25DG93gAImKWm0YY-IQmQ,HU,varma,hu,538000,28564,30d,0.05,10,1,,hello@janosikgergo.hu,,,,maalista,"katselut vain 5 % tilaajista; yli heidän haarukkansa; niche vaatii koneen; vain yhden maan listalla; julkaisee aktiivisesti; yhteystieto kuvauksessa"
30,GameStar,https://www.youtube.com/channel/UC6C1dyHHOMVIBAze8dWfqCw,DE,varma,de,1590000,166916,30d,0.1,10,0,,brief@gamestar.de,,,,maalista,"katselut vain 10 % tilaajista; yli heidän haarukkansa; niche vaatii koneen; vain yhden maan listalla; julkaisee aktiivisesti; yhteystieto kuvauksessa"
30,DoggyAndi - GamePlay,https://www.youtube.com/channel/UCmSxyKGLy279bPpDGbdOBAA,HU,varma,hu,480000,35440,30d,0.07,10,1,,uzleti@doggyandi.hu,,,,maalista,"katselut vain 7 % tilaajista; yli heidän haarukkansa; niche vaatii koneen; vain yhden maan listalla; julkaisee aktiivisesti; yhteystieto kuvauksessa"
30,Jacob,https://www.youtube.com/channel/UCWuKx41wAvbz_NNu1oD6bsQ,PL,varma,pl,2110000,288095,30d,0.14,8.3,0,,jacob@creative-minds.pl,,,,maalista,"katselut vain 14 % tilaajista; yli heidän haarukkansa; niche vaatii koneen; vain yhden maan listalla; julkaisee aktiivisesti; yhteystieto kuvauksessa"
30,ChocolatAndVanillah,https://www.youtube.com/channel/UCaCUq621hbDixsvUDELqMVw,FR,varma,fr,1440000,119904,30d,0.08,10,0,,chocolatandvanillapro@gmail.com,,,,maalista,"katselut vain 8 % tilaajista; yli heidän haarukkansa; niche vaatii koneen; vain yhden maan listalla; julkaisee aktiivisesti; yhteystieto kuvauksessa"
30,Jeremy Frieser,https://www.youtube.com/channel/UCftBOCmT73pB6yfcqDeP9HQ,NL,varma,nl,839000,56707,30d,0.07,10,1,,TeamJeremy@Scooperz.nl,,,,maalista,"katselut vain 7 % tilaajista; yli heidän haarukkansa; niche vaatii koneen; vain yhden maan listalla; julkaisee aktiivisesti; yhteystieto kuvauksessa"
30,Talcado,https://www.youtube.com/channel/UCTqAZGakovPcZLLXi09uodw,FR,varma,fr,1380000,131102,30d,0.1,10,0,,hamza.talcacorp@gmail.com,,,,maalista,"katselut vain 10 % tilaajista; yli heidän haarukkansa; niche vaatii koneen; vain yhden maan listalla; julkaisee aktiivisesti; yhteystieto kuvauksessa"
30,MICK 2,https://www.youtube.com/channel/UC6MRD4p1uvMAioS5uj-zp-Q,NL,varma,nl,395000,31320,30d,0.08,10,0,,Mick@zeth.nl,,,,maalista,"katselut vain 8 % tilaajista; yli heidän haarukkansa; niche vaatii koneen; vain yhden maan listalla; julkaisee aktiivisesti; yhteystieto kuvauksessa"
30,GIEL,https://www.youtube.com/channel/UC-M16lOcjto6EmZuLyj-LSQ,NL,varma,nl,453000,34206,30d,0.08,10,1,,Info@gielmedia.com,,,,maalista,"katselut vain 8 % tilaajista; yli heidän haarukkansa; niche vaatii koneen; vain yhden maan listalla; julkaisee aktiivisesti; yhteystieto kuvauksessa"
30,Teeqzy,https://www.youtube.com/channel/UCb8A85srkG5a0QUhB6ikVLg,FR,varma,fr,2030000,88974,30d,0.04,10,1,,contact.teeqzy1@gmail.com,,,,maalista,"katselut vain 4 % tilaajista; yli heidän haarukkansa; niche vaatii koneen; vain yhden maan listalla; julkaisee aktiivisesti; yhteystieto kuvauksessa"
30,Léo - TechMaker,https://www.youtube.com/channel/UCRhyS_ylPQ5GWBl1lK92ftA,FR,varma,fr,2660000,108430,30d,0.04,10,1,,leotechmaker@gmail.com,,,,maalista,"katselut vain 4 % tilaajista; yli heidän haarukkansa; niche vaatii koneen; vain yhden maan listalla; julkaisee aktiivisesti; yhteystieto kuvauksessa"
30,nineleaf,https://www.youtube.com/channel/UCJW73IxQso0l2uMQrggB2BA,,tuntematon,en,1810,73,30d,0.04,2.8,1,,,,,,kommentoija,"katselut vain 4 % tilaajista; alle heidän haarukkansa; löytyi kommentoijana (TrickLIVE); julkaisee aktiivisesti"
30,blizzard,https://www.youtube.com/channel/UCX-VzPfZdnCJU9NaQ6O9A-w,,tuntematon,en,2840,213,30d,0.07,1.7,9,,,,,,kommentoija,"katselut vain 7 % tilaajista; alle heidän haarukkansa; löytyi kommentoijana (TrickLIVE); julkaisee aktiivisesti"
30,JeanXs,https://www.youtube.com/channel/UC9t3GNOU7IuE17jmBGLmsmQ,,tuntematon,en,871,1890,30d,2.17,0.4,6,,,,,,kommentoija,"katselusuhde 217 % epäilyttävän korkea; niche vaatii koneen; alle heidän haarukkansa; löytyi kommentoijana (AvengerSpencer); julkaisee aktiivisesti"
30,EclipseIII,https://www.youtube.com/channel/UCXTj_MDKpm5sfbx5frYl4_Q,,tuntematon,en,987,2849,30d,2.89,10,1,,,,,,kommentoija,"katselusuhde 289 % epäilyttävän korkea; niche vaatii koneen; alle heidän haarukkansa; löytyi kommentoijana (BULKHEAD); julkaisee aktiivisesti"
30,gd beaf,https://www.youtube.com/channel/UCuGG2gMwYtuYc3TbT4qnp3Q,SE,epävarma,sv,510,23,90d,0.05,3.8,54,,,,,,kommentoija,"katselut vain 5 % tilaajista; alle heidän haarukkansa; löytyi kommentoijana (SCOAR); maa epävarma"
30,AviveHD,https://www.youtube.com/channel/UCbXZYanZEfJ1xzwFcBOGm3Q,DE,varma,de,3200000,163089,30d,0.05,10,0,,info@avivehd.de,,,,kommentoija,"katselut vain 5 % tilaajista; yli heidän haarukkansa; niche vaatii koneen; löytyi kommentoijana (LiveLuc); julkaisee aktiivisesti; yhteystieto kuvauksessa"
30,Flinte077,https://www.youtube.com/channel/UCeIVQS8hXS75lgVqPPUIqLg,DE,varma,de,599,57,30d,0.1,3,18,,,,,,kommentoija,"katselut vain 10 % tilaajista; alle heidän haarukkansa; löytyi kommentoijana (LiveLuc)"
30,Robomark,https://www.youtube.com/channel/UCrBiZQDXQvUC7qSV3OPbxDg,HU,epävarma,hu,787,9805,30d,12.46,9.4,6,,,,kyllä,,kommentoija,"katselusuhde 1246 % epäilyttävän korkea; alle heidän haarukkansa; löytyi kommentoijana (FoxlyBlox); julkaisee aktiivisesti; maa epävarma; viitteitä nuoresta yleisöstä"
30,Levi XM,https://www.youtube.com/channel/UCLSGQ93ImUf4UZaatJuUu6g,HU,epävarma,hu,2980,296,30d,0.1,4.4,21,,,,,,kommentoija,"katselut vain 10 % tilaajista; alle heidän haarukkansa; löytyi kommentoijana (SunnGTA); maa epävarma"
30,ValahogyKacsa,https://www.youtube.com/channel/UCg9OXMr8PJvo9LD-2ajFJww,HU,epävarma,hu,759,2466,30d,3.25,7.3,9,,,,,,kommentoija,"katselusuhde 325 % epäilyttävän korkea; alle heidän haarukkansa; löytyi kommentoijana (Alfap2w); julkaisee aktiivisesti; maa epävarma"
30,Wielka Fanka Palionowa 🫶🏻,https://www.youtube.com/channel/UCW4z3Xw2KfZjXwb_DEa5L_w,PL,epävarma,pl,1460,5379,30d,3.68,8,3,,,,,,kommentoija,"katselusuhde 368 % epäilyttävän korkea; alle heidän haarukkansa; löytyi kommentoijana (Leon Roblox); julkaisee aktiivisesti; maa epävarma"
30,ADAM LIPISŃKI,https://www.youtube.com/channel/UCyWmw9OZROpJhN7ETQUT_pQ,PL,epävarma,pl,634,1465,30d,2.31,10,0,,,,,,kommentoija,"katselusuhde 231 % epäilyttävän korkea; alle heidän haarukkansa; löytyi kommentoijana (Ptyś); julkaisee aktiivisesti; maa epävarma"
30,NatrixYT,https://www.youtube.com/channel/UCihOo9YNJB6YoKldrkUAwWw,PL,epävarma,pl,956,11322,90d,11.84,6.7,35,,,,,,kommentoija,"katselusuhde 1184 % epäilyttävän korkea; niche vaatii koneen; alle heidän haarukkansa; löytyi kommentoijana (RafciuSA); maa epävarma"
30,Super toni ,https://www.youtube.com/channel/UCepBCmjlHkja8j7nWsHaMHg,PL,epävarma,pl,1880,5,30d,0,3.7,26,,,,,,kommentoija,"alle heidän haarukkansa; löytyi kommentoijana (RafciuSA); maa epävarma"
30,opór-farm,https://www.youtube.com/channel/UCULeITD8t7Uz8FB9ImhFzyA,PL,epävarma,pl,908,7420,30d,8.17,10,0,,,,,,kommentoija,"katselusuhde 817 % epäilyttävän korkea; alle heidän haarukkansa; löytyi kommentoijana (bociekLS); julkaisee aktiivisesti; maa epävarma"
30,Agro_lunar,https://www.youtube.com/channel/UCXIxHigaFQrvRB-qlip3V_A,PL,epävarma,pl,1790,7044,30d,3.94,4.1,8,,,,,,kommentoija,"katselusuhde 394 % epäilyttävän korkea; alle heidän haarukkansa; löytyi kommentoijana (bociekLS); julkaisee aktiivisesti; maa epävarma"
30,TryHackX,https://www.youtube.com/channel/UCuLCY9_Htq4dAarMAZcmciA,PL,varma,pl,2270,77,30d,0.03,0.3,30,,,,,,kommentoija,"katselut vain 3 % tilaajista; alle heidän haarukkansa; löytyi kommentoijana (Kałach)"
30,DucRanks,https://www.youtube.com/channel/UChLDIQMGpR4Sh8sQpDS6jTQ,NL,epävarma,nl,1430,80712,30d,56.44,10,0,,,,kyllä,,kommentoija,"katselusuhde 5644 % epäilyttävän korkea; alle heidän haarukkansa; löytyi kommentoijana (Jeremy Frieser 2); julkaisee aktiivisesti; maa epävarma; viitteitä nuoresta yleisöstä"
30,🌶️SPICEY🌶️,https://www.youtube.com/channel/UC5xh8ncqNNganXnCE3002NQ,NL,epävarma,nl,512,2223,30d,4.34,10,6,,,,,,kommentoija,"katselusuhde 434 % epäilyttävän korkea; alle heidän haarukkansa; löytyi kommentoijana (Twisty); julkaisee aktiivisesti; maa epävarma"
30,Zerox1,https://www.youtube.com/channel/UC2KQlFJNvAAN-wkj3H0bNwg,FR,epävarma,fr,672,9,90d,0.01,0.9,59,,,,,,kommentoija,"katselut vain 1 % tilaajista; alle heidän haarukkansa; löytyi kommentoijana (Beone TV); maa epävarma"
30,Ashura ,https://www.youtube.com/channel/UCwXyAdlT1ZnxwQBSr7zg09w,FR,varma,fr,1120,123,90d,0.11,1,84,,,,,,kommentoija,"katselut vain 11 % tilaajista; alle heidän haarukkansa; löytyi kommentoijana (Froggy)"
30,Unwin,https://www.youtube.com/channel/UCkKZipMCTDnYtPJ_K1CsmFw,FR,varma,fr,1470000,9372,30d,0.01,10,0,,proUnwin@gmail.com,,,,kommentoija,"katselut vain 1 % tilaajista; yli heidän haarukkansa; niche vaatii koneen; löytyi kommentoijana (Kevko GTA); julkaisee aktiivisesti; yhteystieto kuvauksessa"
30,emiliano.⚡,https://www.youtube.com/channel/UC91QEACZd9zt9XTlVjt80Cw,FR,epävarma,fr,1450,167,30d,0.12,4.7,28,,,,,,kommentoija,"katselut vain 12 % tilaajista; alle heidän haarukkansa; löytyi kommentoijana (RedEmption); maa epävarma"
29,Luciano Rodríguez,https://www.youtube.com/channel/UCEcT7n9WJ0RokzW7d-cmFRA,,tuntematon,en,664,403,90d,0.61,0.2,288,,,,,,kommentoija,"katselut 61 % tilaajista; niche ei vaadi konetta; alle heidän haarukkansa; löytyi kommentoijana (TrickLIVE); 288 pv edellisestä videosta"
28,Ospanno,https://www.youtube.com/channel/UCtQYWooqYWUjACfXDUqd6lQ,PL,varma,pl,572000,44579,30d,0.08,10,1,,collab.ospanno@gmail.com,,,,maalista,"katselut vain 8 % tilaajista; yli heidän haarukkansa; niche vaatii koneen; vain yhden maan listalla; julkaisee aktiivisesti; yhteystieto kuvauksessa"
28,Kaluch,https://www.youtube.com/channel/UC14OarNMc15ZxzlDziVShXg,PL,varma,pl,2720000,230984,30d,0.08,10,1,,wspolpracakaluch@gmail.com,,,,maalista,"katselut vain 8 % tilaajista; yli heidän haarukkansa; niche vaatii koneen; vain yhden maan listalla; julkaisee aktiivisesti; yhteystieto kuvauksessa"
28,Kevko,https://www.youtube.com/channel/UCzCzMjtMD4vCWVgbmv4uq0Q,FR,varma,fr,2200000,304814,30d,0.14,10,0,,partenariats@kevko.fr,,,,maalista,"katselut vain 14 % tilaajista; yli heidän haarukkansa; niche vaatii koneen; vain yhden maan listalla; julkaisee aktiivisesti; yhteystieto kuvauksessa"
28,Jessy,https://www.youtube.com/channel/UCHfkm0cqObbeyfSmPdg_6qQ,NL,varma,nl,637000,25539,30d,0.04,10,2,,jessy@wayv.agency,,,,maalista,"katselut vain 4 % tilaajista; yli heidän haarukkansa; niche vaatii koneen; vain yhden maan listalla; julkaisee aktiivisesti; yhteystieto kuvauksessa"
28,Games4Real,https://www.youtube.com/channel/UC9SeqSlo6OiBLuHjKqnu8Pg,NL,varma,nl,324000,20988,30d,0.06,10,1,,info@Games4Real.nl,,,,maalista,"katselut vain 6 % tilaajista; yli heidän haarukkansa; niche vaatii koneen; vain yhden maan listalla; julkaisee aktiivisesti; yhteystieto kuvauksessa"
28,LaSalle,https://www.youtube.com/channel/UCyMy3i-BaVOmOwTZskm52Ew,FR,varma,fr,3890000,87527,30d,0.02,10,0,,FilouLasalle@gmail.com,,,,maalista,"katselut vain 2 % tilaajista; yli heidän haarukkansa; niche vaatii koneen; vain yhden maan listalla; julkaisee aktiivisesti; yhteystieto kuvauksessa"
25,Paqpa,https://www.youtube.com/channel/UCDVeHl7-fRTO7vH9bFc3emg,FI,varma,fi,412000,44398,30d,0.11,10,2,,,,,,maalista,"katselut vain 11 % tilaajista; yli heidän haarukkansa; niche vaatii koneen; vain yhden maan listalla; julkaisee aktiivisesti"
25,Benx,https://www.youtube.com/channel/UC9CdzSPg2DuZ2YSaflng3Hw,DE,varma,de,2300000,116994,30d,0.05,10,0,,,,,,maalista,"katselut vain 5 % tilaajista; yli heidän haarukkansa; niche vaatii koneen; vain yhden maan listalla; julkaisee aktiivisesti"
25,Trymacs,https://www.youtube.com/channel/UC6Gc4KQ1ueDnh8x7plaAD3w,DE,varma,de,2540000,287055,30d,0.11,10,0,,,,kyllä,,maalista,"katselut vain 11 % tilaajista; yli heidän haarukkansa; niche vaatii koneen; vain yhden maan listalla; julkaisee aktiivisesti; viitteitä nuoresta yleisöstä"
25,Paulberger,https://www.youtube.com/channel/UCqO_lDZ1VRBUQkvcq_2RPaA,DE,varma,de,1200000,117359,30d,0.1,10,1,,,,,,maalista,"katselut vain 10 % tilaajista; yli heidän haarukkansa; niche vaatii koneen; vain yhden maan listalla; julkaisee aktiivisesti"
25,IceBlueBird,https://www.youtube.com/channel/UCP6gIddjSaCl2ChEA_dNd_w,HU,varma,hu,445000,35014,30d,0.08,10,1,,,,kyllä,,maalista,"katselut vain 8 % tilaajista; yli heidän haarukkansa; niche vaatii koneen; vain yhden maan listalla; julkaisee aktiivisesti; viitteitä nuoresta yleisöstä"
25,UborCraft,https://www.youtube.com/channel/UC6IUish1nuhvf2GCyYJPIoQ,HU,varma,hu,679000,54884,30d,0.08,9.4,0,,,,,,maalista,"katselut vain 8 % tilaajista; yli heidän haarukkansa; niche vaatii koneen; vain yhden maan listalla; julkaisee aktiivisesti"
25,Black1200,https://www.youtube.com/channel/UC-4kpl1DLewe0IB7TYLqXxg,HU,varma,hu,293000,25974,30d,0.09,3.3,4,,,,,,maalista,"katselut vain 9 % tilaajista; yli heidän haarukkansa; niche vaatii koneen; vain yhden maan listalla; julkaisee aktiivisesti"
25,Minecraft,https://www.youtube.com/channel/UC1sELGmy5jp5fQUugmuYlXQ,SE,varma,en,22900000,1207997,30d,0.05,10,0,,,,,,maalista,"katselut vain 5 % tilaajista; yli heidän haarukkansa; niche vaatii koneen; vain yhden maan listalla; julkaisee aktiivisesti"
25,Gabee ZuN,https://www.youtube.com/channel/UC_KaW7yvOgbRID__JSEOcjA,HU,varma,hu,264000,21110,30d,0.08,10,1,,,,,,maalista,"katselut vain 8 % tilaajista; yli heidän haarukkansa; niche vaatii koneen; vain yhden maan listalla; julkaisee aktiivisesti"
25,Wojan Games,https://www.youtube.com/channel/UCzTFc6-iB68HTx3syrjTN_w,PL,varma,pl,2880000,379879,30d,0.13,10,0,,,,,,maalista,"katselut vain 13 % tilaajista; yli heidän haarukkansa; niche vaatii koneen; vain yhden maan listalla; julkaisee aktiivisesti"
25,Sebek,https://www.youtube.com/channel/UChKSu6JYFHk0uv_QZo2fbDg,PL,varma,pl,418000,24553,30d,0.06,10,1,,,,,,maalista,"katselut vain 6 % tilaajista; yli heidän haarukkansa; niche vaatii koneen; vain yhden maan listalla; julkaisee aktiivisesti"
25,Graf,https://www.youtube.com/channel/UCWcz2SQMCcijkVta0hSERIA,PL,varma,pl,660000,88065,30d,0.13,10,2,,,,,,maalista,"katselut vain 13 % tilaajista; yli heidän haarukkansa; niche vaatii koneen; vain yhden maan listalla; julkaisee aktiivisesti"
25,Enzzi,https://www.youtube.com/channel/UC2JsvIz4vbZana-1xQiIszg,PL,varma,pl,1590000,126846,30d,0.08,10,1,,,,,,maalista,"katselut vain 8 % tilaajista; yli heidän haarukkansa; niche vaatii koneen; vain yhden maan listalla; julkaisee aktiivisesti"
25,SmileSlow,https://www.youtube.com/channel/UCo9YmZIp3fBlPUdGOagryQA,PL,varma,zx,2430000,102530,30d,0.04,10,1,,,,,,maalista,"katselut vain 4 % tilaajista; yli heidän haarukkansa; niche vaatii koneen; vain yhden maan listalla; julkaisee aktiivisesti"
25,Alex Klein,https://www.youtube.com/channel/UCpf4pGjVXwl5t8jl6zaTIiA,NL,varma,nl,935000,82842,30d,0.09,10,0,,,,,,maalista,"katselut vain 9 % tilaajista; yli heidän haarukkansa; niche vaatii koneen; vain yhden maan listalla; julkaisee aktiivisesti"
25,Unchained Gaming,https://www.youtube.com/channel/UCiFyJ_EBmF2XJuR9buWE_3A,FR,varma,fr,7470000,539292,30d,0.07,10,0,,,,,,maalista,"katselut vain 7 % tilaajista; yli heidän haarukkansa; niche vaatii koneen; vain yhden maan listalla; julkaisee aktiivisesti"
25,Furious Jumper,https://www.youtube.com/channel/UCLMKLU-ZuDQIsbjMvR3bbog,FR,varma,fr,11000000,51709,30d,0,10,0,,,,,,maalista,"yli heidän haarukkansa; niche vaatii koneen; vain yhden maan listalla; julkaisee aktiivisesti"
24,Mr. Bartas 444,https://www.youtube.com/channel/UC8smBbCIty9H_cm69zFUpGw,PL,varma,pl,2420,10681,90d,4.41,1.1,46,,,,kyllä,,kommentoija,"katselusuhde 441 % epäilyttävän korkea; alle heidän haarukkansa; löytyi kommentoijana (bociekLS); viitteitä nuoresta yleisöstä"
23,KD csapat,https://www.youtube.com/channel/UCEz9c3Qv7mnZcjP4s2_WpMw,HU,varma,hu,527000,57930,30d,0.11,10,0,,,,,,maalista,"katselut vain 11 % tilaajista; yli heidän haarukkansa; niche vaatii koneen; vain yhden maan listalla; julkaisee aktiivisesti"
23,dima_aimbots,https://www.youtube.com/channel/UCZxARTFK_HfPftwb-TqDSvg,LT,varma,en,461000,43288,30d,0.09,10,0,,,,,,maalista,"katselut vain 9 % tilaajista; yli heidän haarukkansa; niche vaatii koneen; vain yhden maan listalla; julkaisee aktiivisesti"
23,Skyrroz,https://www.youtube.com/channel/UCP4wIoy9W9WdAfVIN2sVmEw,FR,varma,fr,2610000,131201,30d,0.05,10,1,,,,,,maalista,"katselut vain 5 % tilaajista; yli heidän haarukkansa; niche vaatii koneen; vain yhden maan listalla; julkaisee aktiivisesti"
22,Standart Skill,https://www.youtube.com/channel/UCQ_hHJ0uTbzFLHrk1XHGXtw,DE,varma,de,3810000,154787,30d,0.04,10,0,,mail@paulberger.club,,,,maalista,"katselut vain 4 % tilaajista; yli heidän haarukkansa; vain yhden maan listalla; julkaisee aktiivisesti; yhteystieto kuvauksessa"
22,LukasBS,https://www.youtube.com/channel/UCyRgnhPqL5rm9FShbNZ_zYw,DE,varma,de,2650000,69524,30d,0.03,10,0,,lukasbs@lunyone.de,,,,maalista,"katselut vain 3 % tilaajista; yli heidän haarukkansa; vain yhden maan listalla; julkaisee aktiivisesti; yhteystieto kuvauksessa"
22,i_roblox_queen,https://www.youtube.com/channel/UC6HKWohA11bBbyob7ieP-0g,LV,epävarma,ru,11000000,262325,30d,0.02,10,0,,go@robloxqueen.ru,,,,maalista,"katselut vain 2 % tilaajista; yli heidän haarukkansa; vain yhden maan listalla; julkaisee aktiivisesti; yhteystieto kuvauksessa; maa epävarma"
22,Ercio!,https://www.youtube.com/channel/UC64E18zuK_E6f_qwnbDMGQQ,PL,varma,pl,897000,84600,30d,0.09,10,0,,ercio.wspolpraca@gmail.com,,kyllä,,maalista,"katselut vain 9 % tilaajista; yli heidän haarukkansa; vain yhden maan listalla; julkaisee aktiivisesti; yhteystieto kuvauksessa; viitteitä nuoresta yleisöstä"
20,Julius,https://www.youtube.com/channel/UC1y3L4SvtSdYar0UO7lDMkQ,DE,varma,de,785000,62629,30d,0.08,10,0,,juliusfgu@whosjacob.de,,,,maalista,"katselut vain 8 % tilaajista; yli heidän haarukkansa; vain yhden maan listalla; julkaisee aktiivisesti; yhteystieto kuvauksessa"
20,Tisi Schubech,https://www.youtube.com/channel/UCojPoYPri8Pm2RScb_AzU_Q,DE,varma,de,951000,48477,30d,0.05,10,0,,tisi@fairplay-management.de,,,,maalista,"katselut vain 5 % tilaajista; yli heidän haarukkansa; vain yhden maan listalla; julkaisee aktiivisesti; yhteystieto kuvauksessa"
20,Dizowskyy,https://www.youtube.com/channel/UC7TauBBZOhtZprmPTyrgqWg,PL,varma,pl,2140000,146025,30d,0.07,10,2,,dizowskyy@werefantasy.com,,,,maalista,"katselut vain 7 % tilaajista; yli heidän haarukkansa; vain yhden maan listalla; julkaisee aktiivisesti; yhteystieto kuvauksessa"
20,GameMeneer,https://www.youtube.com/channel/UCU0TjDaglN5awRHKY_tThzA,NL,varma,nl,1190000,34886,30d,0.03,10,1,,gamemeneer@bombersandlemonade.com,,,,maalista,"katselut vain 3 % tilaajista; yli heidän haarukkansa; vain yhden maan listalla; julkaisee aktiivisesti; yhteystieto kuvauksessa"
20,Casquey,https://www.youtube.com/channel/UCnnUozIhtK9k_ubGIo8J3FQ,FR,varma,fr,1580000,71616,30d,0.05,10,1,,casquey@cultureg.eu,,,,maalista,"katselut vain 5 % tilaajista; yli heidän haarukkansa; vain yhden maan listalla; julkaisee aktiivisesti; yhteystieto kuvauksessa"
20,Cy,https://www.youtube.com/channel/UCPnodhVnfWgLsy1SVfvg40g,,tuntematon,en,1670,4519,30d,2.71,0.4,7,,,,,,kommentoija,"katselusuhde 271 % epäilyttävän korkea; alle heidän haarukkansa; löytyi kommentoijana (TrickLIVE); julkaisee aktiivisesti"
20,AutoCarrot,https://www.youtube.com/channel/UCsTckbSxqr8KkN3KD5F0Pow,,tuntematon,en,739,16,30d,0.02,2.4,24,,,,,,kommentoija,"katselut vain 2 % tilaajista; alle heidän haarukkansa; löytyi kommentoijana (TrickLIVE)"
20,HeIiopolis,https://www.youtube.com/channel/UCgwbglvv2UoUAAUAiMIB9bA,,tuntematon,en,2630,105,30d,0.04,3.7,19,,,,,,kommentoija,"katselut vain 4 % tilaajista; alle heidän haarukkansa; löytyi kommentoijana (TrickLIVE)"
20,marli,https://www.youtube.com/channel/UCs-YyddEBRWxlgns5872PEg,DE,varma,de,150000,390326,90d,2.6,0.4,172,,,,,,kommentoija,"katselusuhde 260 % epäilyttävän korkea; kokoluokka osuu; löytyi kommentoijana (marli Ordner); 172 pv edellisestä videosta"
20,Hajba,https://www.youtube.com/channel/UCKY8oBRLewDbF7AlNWa7XFw,HU,epävarma,hu,557,3996,90d,7.17,6.8,32,,,,,,kommentoija,"katselusuhde 717 % epäilyttävän korkea; alle heidän haarukkansa; löytyi kommentoijana (BanterBlox); maa epävarma"
20,RazorCamel,https://www.youtube.com/channel/UCiBw_EugANASVI1psK_-k5Q,,tuntematon,en,8770,720,90d,0.08,0.1,1051,,,,,,kommentoija,"katselut vain 8 % tilaajista; kokoluokka osuu; löytyi kommentoijana (ARC Raiders); 1051 pv edellisestä videosta"
20,LeonLionHeart,https://www.youtube.com/channel/UC6qa9ENS8V1A7AD9YsO1xMA,,tuntematon,en,2610,25,90d,0.01,0.5,70,,,,,,kommentoija,"katselut vain 1 % tilaajista; alle heidän haarukkansa; löytyi kommentoijana (ARC Raiders)"
20,Shadow Verse,https://www.youtube.com/channel/UChAuT9AFLiHLaVXl5_0fwrQ,PL,epävarma,pl,2360,10378,90d,4.4,0.7,56,,,,,,kommentoija,"katselusuhde 440 % epäilyttävän korkea; alle heidän haarukkansa; löytyi kommentoijana (Ptyś); maa epävarma"
20,TheBrainDealer,https://www.youtube.com/channel/UCrWzSGV6oSzhIgSjoY7TCSg,FR,varma,fr,7450,60705,90d,8.15,0.2,1155,,,,,,kommentoija,"katselusuhde 815 % epäilyttävän korkea; kokoluokka osuu; löytyi kommentoijana (RedEmption); 1155 pv edellisestä videosta"
19,PietSmiet,https://www.youtube.com/channel/UCqwGaUvq_l0RKszeHhZ5leA,DE,varma,de,2470000,62147,30d,0.03,10,0,,,,,,maalista,"katselut vain 3 % tilaajista; yli heidän haarukkansa; vain yhden maan listalla; julkaisee aktiivisesti"
17,Family Play TV,https://www.youtube.com/channel/UCNJwQAU08P3muRZkZUOvx5A,LV,epävarma,ru,4210000,452561,30d,0.11,10,0,,,,,,maalista,"katselut vain 11 % tilaajista; yli heidän haarukkansa; vain yhden maan listalla; julkaisee aktiivisesti; maa epävarma"
17,PatiX,https://www.youtube.com/channel/UCvqBqDpuUyJAWCqr4KE2HSw,PL,varma,pl,588000,62744,30d,0.11,10,0,,,,,,maalista,"katselut vain 11 % tilaajista; yli heidän haarukkansa; vain yhden maan listalla; julkaisee aktiivisesti"
17,SmileX,https://www.youtube.com/channel/UCoy2tR7liTWYn5mpXyfmNcQ,PL,varma,pl,1090000,64866,30d,0.06,10,1,,,,,,maalista,"katselut vain 6 % tilaajista; yli heidän haarukkansa; vain yhden maan listalla; julkaisee aktiivisesti"
17,remsua,https://www.youtube.com/channel/UC21VYJRZbnMTQqnEwREyqSw,PL,varma,pl,298000,29687,30d,0.1,10,0,,,,,,maalista,"katselut vain 10 % tilaajista; yli heidän haarukkansa; vain yhden maan listalla; julkaisee aktiivisesti"
17,DutchtuberGaming,https://www.youtube.com/channel/UCBS1vxH489OL-oN7P3HUsPw,NL,varma,nl,828000,57868,30d,0.07,10,0,,,,,,maalista,"katselut vain 7 % tilaajista; yli heidän haarukkansa; vain yhden maan listalla; julkaisee aktiivisesti"
17,Dennus3,https://www.youtube.com/channel/UC-9IwXkuThytX-AdxXFzUog,NL,varma,nl,541000,37997,30d,0.07,10,4,,,,,,maalista,"katselut vain 7 % tilaajista; yli heidän haarukkansa; vain yhden maan listalla; julkaisee aktiivisesti"
17,MISS QUEEN,https://www.youtube.com/channel/UCV_n7sq7lgOnPx1LLCMZDLQ,FR,varma,fr,1100000,25210,30d,0.02,10,0,,,,,,maalista,"katselut vain 2 % tilaajista; yli heidän haarukkansa; vain yhden maan listalla; julkaisee aktiivisesti"
17,Krihvelit,https://www.youtube.com/channel/UCS-7-gnGE9ZDbXzTGaAg6pg,FI,epävarma,fi,1800,56,90d,0.03,0.6,174,,,,,,kommentoija,"katselut vain 3 % tilaajista; alle heidän haarukkansa; löytyi kommentoijana (EskoLivePlus); 174 pv edellisestä videosta; maa epävarma"
15,BorasLegend,https://www.youtube.com/channel/UC3VShdRR6vAp2FZIqoS4N1w,SE,varma,en,580000,44807,30d,0.08,10,0,,,,,,maalista,"katselut vain 8 % tilaajista; yli heidän haarukkansa; vain yhden maan listalla; julkaisee aktiivisesti"
15,zarbexLIVE,https://www.youtube.com/channel/UCqUkIkT0NvKxRQP-5_CMR3Q,DE,varma,de,644000,46493,30d,0.07,10,0,,,,,,maalista,"katselut vain 7 % tilaajista; yli heidän haarukkansa; vain yhden maan listalla; julkaisee aktiivisesti"
15,Dr_Horse,https://www.youtube.com/channel/UCo_Nm4TBp1rF0DRsWr377Ww,FR,varma,fr,844000,47341,30d,0.06,10,0,,,,,,maalista,"katselut vain 6 % tilaajista; yli heidän haarukkansa; vain yhden maan listalla; julkaisee aktiivisesti"
15,Speech,https://www.youtube.com/channel/UC_NcpbPlak6muq_59O_JPJw,NL,varma,en,539,116791,90d,216.68,0.5,171,,,,,,kommentoija,"katselusuhde 21668 % epäilyttävän korkea; niche vaatii koneen; alle heidän haarukkansa; löytyi kommentoijana (TrickLIVE); 171 pv edellisestä videosta"
15,Laraaa ♡,https://www.youtube.com/channel/UCIkb5zMoHgRs2Akzrj59fWg,DE,epävarma,de,1150,3030,90d,2.63,0.7,110,,,,,,kommentoija,"katselusuhde 263 % epäilyttävän korkea; niche vaatii koneen; alle heidän haarukkansa; löytyi kommentoijana (ZItachi); 110 pv edellisestä videosta; maa epävarma"
15,DavidGaming,https://www.youtube.com/channel/UCYe50P0Qbl1Rn379dnZcSFw,HU,varma,hu,565,3738,90d,6.62,1.1,121,,,,,,kommentoija,"katselusuhde 662 % epäilyttävän korkea; niche vaatii koneen; alle heidän haarukkansa; löytyi kommentoijana (SunnGTA); 121 pv edellisestä videosta"
15,elino,https://www.youtube.com/channel/UCZlzj2YWpwEYpOZ7LR-fitQ,PL,epävarma,pl,539,60,90d,0.11,0.3,179,,,,,,kommentoija,"katselut vain 11 % tilaajista; alle heidän haarukkansa; löytyi kommentoijana (Kwarcu77); 179 pv edellisestä videosta; maa epävarma"
15,Oxitimax,https://www.youtube.com/channel/UCHhqBwAFcftQCDGbKHu4-WA,FR,epävarma,fr,1960,61,90d,0.03,0.2,884,,,,,,kommentoija,"katselut vain 3 % tilaajista; alle heidän haarukkansa; löytyi kommentoijana (Beone TV); 884 pv edellisestä videosta; maa epävarma"
14,BigSpin,https://www.youtube.com/channel/UCQfclnKDP51Da6rETlvmSRw,DE,varma,de,448000,42375,30d,0.09,10,0,,bigspin@ins.gg,,,,maalista,"katselut vain 9 % tilaajista; yli heidän haarukkansa; niche ei vaadi konetta; vain yhden maan listalla; julkaisee aktiivisesti; yhteystieto kuvauksessa"
14,Flarine,https://www.youtube.com/channel/UChdVlzIr1zgsqL7QK1LfXJg,,tuntematon,en,1110,11038,30d,9.94,10,0,,,,,,kommentoija,"katselusuhde 994 % epäilyttävän korkea; niche ei vaadi konetta; alle heidän haarukkansa; löytyi kommentoijana (TrickLIVE); julkaisee aktiivisesti"
13,SurferConky,https://www.youtube.com/channel/UCJ6HqIcylz9kOkwqhY-dbtw,,tuntematon,en,2790,157,90d,0.06,0.2,623,,,,kyllä,,kommentoija,"katselut vain 6 % tilaajista; niche vaatii koneen; alle heidän haarukkansa; löytyi kommentoijana (Nooblet); 623 pv edellisestä videosta; viitteitä nuoresta yleisöstä"
10,Jynxzi,https://www.youtube.com/channel/UCjiXtODGCCulmhwypZAWSag,,tuntematon,en,6950000,732089,30d,0.11,10,1,,jynxzi@rightclick.gg,,,,maalista,"katselut vain 11 % tilaajista; yli heidän haarukkansa; niche vaatii koneen; julkaisee aktiivisesti; yhteystieto kuvauksessa"
9,Nerious,https://www.youtube.com/channel/UCc_xz7gR3SqCS4smaTBYteg,DE,varma,en,692,41,90d,0.06,0.9,91,,,,,,kommentoija,"katselut vain 6 % tilaajista; niche ei vaadi konetta; alle heidän haarukkansa; löytyi kommentoijana (TrickLIVE); 91 pv edellisestä videosta"
5,Torden,https://www.youtube.com/channel/UC8J4QJdkWmDu8B1pHtyGVsQ,,tuntematon,en,3120,90578,90d,29.03,0.1,5158,,,,kyllä,,kommentoija,"katselusuhde 2903 % epäilyttävän korkea; niche vaatii koneen; alle heidän haarukkansa; löytyi kommentoijana (BULKHEAD); 5158 pv edellisestä videosta; viitteitä nuoresta yleisöstä"
5,Ajan Garten,https://www.youtube.com/channel/UCbrXdwS5I7_nhoGU2Eht9ug,DE,epävarma,de,1600,6191,90d,3.87,1,295,,,,,,kommentoija,"katselusuhde 387 % epäilyttävän korkea; alle heidän haarukkansa; löytyi kommentoijana (Rohaze); 295 pv edellisestä videosta; maa epävarma"
5,qp,https://www.youtube.com/channel/UCGL8ZLDt74rmvx4rDgZg6cg,DE,varma,de,562,16407,90d,29.19,0.3,629,,,,,,kommentoija,"katselusuhde 2919 % epäilyttävän korkea; alle heidän haarukkansa; löytyi kommentoijana (Rohaze); 629 pv edellisestä videosta"
5,OrgunUK,https://www.youtube.com/channel/UCvJwp0hhtVAUsRn_6_NL5Nw,,tuntematon,en,797,70,90d,0.09,0.1,656,,,,,,kommentoija,"katselut vain 9 % tilaajista; alle heidän haarukkansa; löytyi kommentoijana (ARC Raiders); 656 pv edellisestä videosta"
5,Damian Wróbel,https://www.youtube.com/channel/UCyMXUWuluyJQERGs7IY5cJw,PL,varma,pl,915,2607,90d,2.85,0.2,1120,,,,,,kommentoija,"katselusuhde 285 % epäilyttävän korkea; alle heidän haarukkansa; löytyi kommentoijana (bociekLS); 1120 pv edellisestä videosta"
5,TryHarder,https://www.youtube.com/channel/UCsgyWPsF_CjYPh4I5MFrW_A,FR,epävarma,fr,568,3439,90d,6.05,1.5,187,,,,,,kommentoija,"katselusuhde 605 % epäilyttävän korkea; alle heidän haarukkansa; löytyi kommentoijana (LeaseTV+); 187 pv edellisestä videosta; maa epävarma"
5,MangaFun List,https://www.youtube.com/channel/UC19dA1Sc7MPud5Uzfr7FAjQ,FR,epävarma,fr,857,105511,90d,123.12,0,4622,,,,,,kommentoija,"katselusuhde 12312 % epäilyttävän korkea; alle heidän haarukkansa; löytyi kommentoijana (Hokaie); 4622 pv edellisestä videosta; maa epävarma"
0,JudeLowRussia,https://www.youtube.com/channel/UCxWFBhuJY92WRz2MzQ9hqNA,LV,epävarma,ru,377000,1361435,30d,3.61,4.2,17,,advexboso@gmail.com,,,,maalista,"katselusuhde 361 % epäilyttävän korkea; yli heidän haarukkansa; vain yhden maan listalla; yhteystieto kuvauksessa; maa epävarma"
-1,Brawl Stars,https://www.youtube.com/channel/UCooVYzDxdwTtGYAkcPmOgOw,FI,varma,en,26200000,3551468,30d,0.14,10,0,,,,,,maalista,"katselut vain 14 % tilaajista; yli heidän haarukkansa; niche ei vaadi konetta; julkaisee aktiivisesti"
-3,Foltyn,https://www.youtube.com/channel/UCRkuUgtDAL4XSU5jB40J_wA,,tuntematon,en,13500000,1133489,30d,0.08,10,0,,,,,,maalista,"katselut vain 8 % tilaajista; yli heidän haarukkansa; julkaisee aktiivisesti"
-3,Northstruck,https://www.youtube.com/channel/UC5wjJkeMSoUQl1Vl7PWJ7Uw,,tuntematon,en,552,17450,90d,31.61,0.3,332,,,,,,kommentoija,"katselusuhde 3161 % epäilyttävän korkea; alle heidän haarukkansa; löytyi kommentoijana (AvengerSpencer); 332 pv edellisestä videosta"
-5,ZealotGamez,https://www.youtube.com/channel/UCLzyp9nPBXOu_AAOBGlLtkQ,,tuntematon,en,580,11407,90d,19.67,0.2,998,,,,,,kommentoija,"katselusuhde 1967 % epäilyttävän korkea; alle heidän haarukkansa; löytyi kommentoijana (TrickLIVE); 998 pv edellisestä videosta"
-5,Swizzy4K,https://www.youtube.com/channel/UCq8-qC0FukKu_HTzcljVCog,,tuntematon,en,792,1682,90d,2.12,0.6,95,,,,,,kommentoija,"katselusuhde 212 % epäilyttävän korkea; alle heidän haarukkansa; löytyi kommentoijana (TrickLIVE); 95 pv edellisestä videosta"
-5,Smax,https://www.youtube.com/channel/UC5JtWMOuqEs-ELENUoh3xAg,,tuntematon,en,3430,16209,90d,4.73,0.5,198,,,,,,kommentoija,"katselusuhde 473 % epäilyttävän korkea; alle heidän haarukkansa; löytyi kommentoijana (AvengerSpencer); 198 pv edellisestä videosta"
-5,AusWayne,https://www.youtube.com/channel/UC9yrwzl4LZ0wG8iN0V3gKlg,,tuntematon,en,618,2066,90d,3.34,0.1,768,,,,,,kommentoija,"katselusuhde 334 % epäilyttävän korkea; alle heidän haarukkansa; löytyi kommentoijana (Nooblet); 768 pv edellisestä videosta"
-5,Tobbzn,https://www.youtube.com/channel/UCCAne4bVRSykxolN1qBRE6Q,,tuntematon,en,1070,497828,90d,465.26,0,1457,,,,kyllä,,kommentoija,"katselusuhde 46526 % epäilyttävän korkea; alle heidän haarukkansa; löytyi kommentoijana (WillE); 1457 pv edellisestä videosta; viitteitä nuoresta yleisöstä"
-5,Sweet Soul Brother,https://www.youtube.com/channel/UCdyxVGy8bVK3SLplcK2HEdQ,,tuntematon,en,606,1483,90d,2.45,0.2,352,,,,,,kommentoija,"katselusuhde 245 % epäilyttävän korkea; alle heidän haarukkansa; löytyi kommentoijana (WillE); 352 pv edellisestä videosta"
-15,StarCraft,https://www.youtube.com/channel/UCZ2h0d4tP0R8klduwj-_bDQ,,tuntematon,en,354000,1622424,30d,4.58,0.1,13,,,,,,maalista,"katselusuhde 458 % epäilyttävän korkea; yli heidän haarukkansa; julkaisee aktiivisesti"
120,Kakkuh,https://www.youtube.com/channel/UCfALRpCqMgkLYYrcJhKR1Sw,FI,varma,fi,146000,39516,30d,0.27,7.7,0,,contact@kakkuh.fi,kyllä,,kyllä,maalista,"JO TEIDÄN KUMPPANINNE; katselut 27 % tilaajista; puhuu laitteistosta; niche vaatii koneen; kokoluokka osuu; vain yhden maan listalla; julkaisee aktiivisesti; yhteystieto kuvauksessa"
120,MrRockis,https://www.youtube.com/channel/UCR3vuKgwIbzBYlCGUIUQhGQ,FI,varma,fi,100000,35386,30d,0.35,6,1,,contact@mrrockis.fi,kyllä,kyllä,kyllä,maalista,"JO TEIDÄN KUMPPANINNE; katselut 35 % tilaajista; puhuu laitteistosta; niche vaatii koneen; kokoluokka osuu; vain yhden maan listalla; julkaisee aktiivisesti; yhteystieto kuvauksessa; viitteitä nuoresta yleisöstä"
100,Jyksedi,https://www.youtube.com/channel/UCFclIIEf3lBIWiePtEf8v-w,FI,varma,fi,246000,46310,30d,0.19,6.8,0,,contact@jyksedi.fi,,kyllä,kyllä,maalista,"JO TEIDÄN KUMPPANINNE; katselut 19 % tilaajista; niche vaatii koneen; kokoluokka osuu; vain yhden maan listalla; julkaisee aktiivisesti; yhteystieto kuvauksessa; viitteitä nuoresta yleisöstä"
22,Hunter,https://www.youtube.com/channel/UCJnX_3RqVV-rz-zKdsQ3ChA,HU,varma,hu,506000,56513,30d,0.11,10,0,,hunter@oddonecreative.com,,,kyllä,maalista,"JO TEIDÄN KUMPPANINNE; katselut vain 11 % tilaajista; yli heidän haarukkansa; vain yhden maan listalla; julkaisee aktiivisesti; yhteystieto kuvauksessa"